STRUCTURE,STRUCTURE_ID,ACTION,FREQ,REF_AREA,INDICATOR,SEX,AGE,URBANISATION,UNIT_MEASURE,COMP_BREAKDOWN_1,COMP_BREAKDOWN_2,COMP_BREAKDOWN_3,AGG_METHOD,UNIT_TYPE,DECIMALS,DATABASE_ID,TIME_FORMAT,UNIT_MULT,OBS_STATUS,OBS_CONF,FREQ_LABEL,REF_AREA_LABEL,INDICATOR_LABEL,SEX_LABEL,AGE_LABEL,URBANISATION_LABEL,UNIT_MEASURE_LABEL,COMP_BREAKDOWN_1_LABEL,COMP_BREAKDOWN_2_LABEL,COMP_BREAKDOWN_3_LABEL,AGG_METHOD_LABEL,UNIT_TYPE_LABEL,DECIMALS_LABEL,DATABASE_ID_LABEL,TIME_FORMAT_LABEL,UNIT_MULT_LABEL,OBS_STATUS_LABEL,OBS_CONF_LABEL,1991,1992,1993,1994,1995,1996,1997,1998,1999,2000,2001,2002,2003,2004,2005,2006,2007,2008,2009,2010,2011,2012,2013,2014,2015,2016,2017,2018,2019,2020,2021,2022,2023,2024,2025
datastructure,WB.DATA360:DS_DATA360(1.3),I,A,LAC,WB_WDI_SL_UEM_TOTL_ZS,_T,_T,_T,PT_LF,_Z,_Z,_Z,_Z,RATIO,2,WB_WDI,P1Y,0,A,PU,Annual,Latin America & Caribbean (excluding high income),"Unemployment, total (% of total labor force) (modeled ILO estimate)",Total,All age ranges or no breakdown by age,Total,Percentage of labor force,Not Applicable,Not Applicable,Not Applicable,Not Applicable,Ratio,Two,World Development Indicators (WDI),Annual,Units,Normal value,Public,6.1915169401315024,6.2145481916605805,5.968151997088854,6.58753832638945,7.930176577743934,8.24140904744954,8.102770130170741,8.495163181682345,9.383897313369319,9.430239890368243,8.985149073642237,9.335859291514625,9.207206251060162,8.702520113369824,8.183399250369277,7.554972361575968,7.185609048077115,6.753075147870902,7.679860134951043,7.13684615492128,6.637681035191108,6.357840182958651,6.3372454148679545,6.112951706251681,6.650362884907497,7.764721517643978,8.06804526490034,7.949108847088405,8.0031866353429,10.11250583233347,9.087146682612229,6.838243119693634,6.064969955718749,5.727834801499095,5.286461218851595
datastructure,WB.DATA360:DS_DATA360(1.3),I,A,DOM,WB_WDI_SL_UEM_TOTL_ZS,_T,_T,_T,PT_LF,_Z,_Z,_Z,_Z,RATIO,2,WB_WDI,P1Y,0,A,PU,Annual,Dominican Republic,"Unemployment, total (% of total labor force) (modeled ILO estimate)",Total,All age ranges or no breakdown by age,Total,Percentage of labor force,Not Applicable,Not Applicable,Not Applicable,Not Applicable,Ratio,Two,World Development Indicators (WDI),Annual,Units,Normal value,Public,6.863,6.669,6.322,6.285,6.439,6.485,6.323,6.304,6.312,6.432,7.262,6.779,6.938,6.303,6.587,5.654,5.158,4.764,5.467,5.212,6.087,6.722,7.351,6.719,7.605,7.284,5.832,5.861,6.356,6.126,7.702,5.504,5.555,5.312,5.092
datastructure,WB.DATA360:DS_DATA360(1.3),I,A,ECS,WB_WDI_SL_UEM_TOTL_ZS,_T,_T,_T,PT_LF,_Z,_Z,_Z,_Z,RATIO,2,WB_WDI,P1Y,0,A,PU,Annual,Europe & Central Asia,"Unemployment, total (% of total labor force) (modeled ILO estimate)",Total,All age ranges or no breakdown by age,Total,Percentage of labor force,Not Applicable,Not Applicable,Not Applicable,Not Applicable,Ratio,Two,World Development Indicators (WDI),Annual,Units,Normal value,Public,6.899086804941626,7.503639878003111,8.657556170219548,9.651483593176994,9.931119022870403,10.268622803050606,10.51816122175632,10.692877438007192,10.585177367697947,9.684830919024177,9.056420067521302,9.078709208714553,9.113467441154725,9.056514252821415,8.731816581600297,8.17297527475334,7.246964389851742,7.168970786674972,9.058951873415763,9.117327667708567,8.851159261339903,9.070960349331493,9.26791651199215,8.945320512978094,8.558232488977737,8.078109567147806,7.485542266721305,6.876564978017856,6.62369460842729,7.095079406792263,6.900111210938824,5.846064109934601,5.552385264560952,5.372218179401812,5.359319885145287
datastructure,WB.DATA360:DS_DATA360(1.3),I,A,AUT,WB_WDI_SL_UEM_TOTL_ZS,_T,_T,_T,PT_LF,_Z,_Z,_Z,_Z,RATIO,2,WB_WDI,P1Y,0,A,PU,Annual,Austria,"Unemployment, total (% of total labor force) (modeled ILO estimate)",Total,All age ranges or no breakdown by age,Total,Percentage of labor force,Not Applicable,Not Applicable,Not Applicable,Not Applicable,Ratio,Two,World Development Indicators (WDI),Annual,Units,Normal value,Public,3.42,3.59,4.25,3.535,4.345,5.282,5.15,5.483,4.699,4.687,4.007,4.852,4.779,5.969,5.682,5.32,4.909,4.198,5.371,4.883,4.637,4.909,5.367,5.674,5.802,6.064,5.561,4.933,4.56,5.201,6.459,4.992,5.264,5.2,5.582
datastructure,WB.DATA360:DS_DATA360(1.3),I,A,ARB,WB_WDI_SL_UEM_TOTL_ZS,_T,_T,_T,PT_LF,_Z,_Z,_Z,_Z,RATIO,2,WB_WDI,P1Y,0,A,PU,Annual,Arab World,"Unemployment, total (% of total labor force) (modeled ILO estimate)",Total,All age ranges or no breakdown by age,Total,Percentage of labor force,Not Applicable,Not Applicable,Not Applicable,Not Applicable,Ratio,Two,World Development Indicators (WDI),Annual,Units,Normal value,Public,11.909757312141611,12.153691288405847,12.909745971662398,13.012183394793967,13.504920523926476,12.458594387798835,11.996360004158802,11.951998947675115,12.141053105853768,12.622723188826242,12.498202129830004,12.506227665576494,12.449696644403888,11.427116470007402,11.234411296675503,10.517642557673424,10.145678075721662,9.875159014430016,9.460792168620905,9.571788252474908,10.687395141460936,11.065096663200897,11.035001890953295,11.031926160850672,11.152446429200637,10.861716142941184,11.115201903205733,10.65464064520311,10.21371829109357,11.295150364666934,10.86274890866841,9.744130955999356,9.313388632049877,9.265924192652154,9.190172996143632
datastructure,WB.DATA360:DS_DATA360(1.3),I,A,BEL,WB_WDI_SL_UEM_TOTL_ZS,_T,_T,_T,PT_LF,_Z,_Z,_Z,_Z,RATIO,2,WB_WDI,P1Y,0,A,PU,Annual,Belgium,"Unemployment, total (% of total labor force) (modeled ILO estimate)",Total,All age ranges or no breakdown by age,Total,Percentage of labor force,Not Applicable,Not Applicable,Not Applicable,Not Applicable,Ratio,Two,World Development Indicators (WDI),Annual,Units,Normal value,Public,6.984,6.702,8.078,9.645,9.337,9.483,8.95,9.322,8.649,6.586,6.178,6.91,7.68,7.363,8.44,8.246,7.459,6.976,7.908,8.293,7.14,7.542,8.425,8.523,8.482,7.83,7.09,5.941,5.364,5.545,6.248,5.57,5.547,5.7,5.906
datastructure,WB.DATA360:DS_DATA360(1.3),I,A,WSM,WB_WDI_SL_UEM_TOTL_ZS,_T,_T,_T,PT_LF,_Z,_Z,_Z,_Z,RATIO,2,WB_WDI,P1Y,0,A,PU,Annual,Samoa,"Unemployment, total (% of total labor force) (modeled ILO estimate)",Total,All age ranges or no breakdown by age,Total,Percentage of labor force,Not Applicable,Not Applicable,Not Applicable,Not Applicable,Ratio,Two,World Development Indicators (WDI),Annual,Units,Normal value,Public,2.1,2.439,2.689,2.999,3.244,3.515,3.78,4.127,4.489,4.733,4.96,4.975,5.038,5.162,5.212,5.321,5.425,5.538,5.646,5.621,5.68,8.752,8.772,8.72,8.901,9.063,9.4,8.649,7.858,7.467,6.664,5.048,4.92,4.855,4.996
datastructure,WB.DATA360:DS_DATA360(1.3),I,A,PRT,WB_WDI_SL_UEM_TOTL_ZS,_T,_T,_T,PT_LF,_Z,_Z,_Z,_Z,RATIO,2,WB_WDI,P1Y,0,A,PU,Annual,Portugal,"Unemployment, total (% of total labor force) (modeled ILO estimate)",Total,All age ranges or no breakdown by age,Total,Percentage of labor force,Not Applicable,Not Applicable,Not Applicable,Not Applicable,Ratio,Two,World Development Indicators (WDI),Annual,Units,Normal value,Public,3.919,3.985,5.301,6.709,7.064,7.298,6.571,4.64,4.579,3.806,3.829,4.497,6.132,6.319,7.582,7.649,7.965,7.553,9.432,10.771,12.715,15.509,16.237,13.88,12.405,11.058,8.878,6.966,6.422,6.85,6.712,6.138,6.498,6.5,6.164
datastructure,WB.DATA360:DS_DATA360(1.3),I,A,AGO,WB_WDI_SL_UEM_TOTL_ZS,_T,_T,_T,PT_LF,_Z,_Z,_Z,_Z,RATIO,2,WB_WDI,P1Y,0,A,PU,Annual,Angola,"Unemployment, total (% of total labor force) (modeled ILO estimate)",Total,All age ranges or no breakdown by age,Total,Percentage of labor force,Not Applicable,Not Applicable,Not Applicable,Not Applicable,Ratio,Two,World Development Indicators (WDI),Annual,Units,Normal value,Public,16.816,16.959,17.44,17.444,16.978,16.177,16.064,16.29,16.543,16.646,16.668,16.432,16.445,16.313,16.295,16.123,16.066,16.152,16.383,16.595,16.77,16.539,16.464,16.372,16.472,16.572,16.617,16.602,16.497,16.696,15.799,14.124,14.051,14.02,14.108
datastructure,WB.DATA360:DS_DATA360(1.3),I,A,HTI,WB_WDI_SL_UEM_TOTL_ZS,_T,_T,_T,PT_LF,_Z,_Z,_Z,_Z,RATIO,2,WB_WDI,P1Y,0,A,PU,Annual,Haiti,"Unemployment, total (% of total labor force) (modeled ILO estimate)",Total,All age ranges or no breakdown by age,Total,Percentage of labor force,Not Applicable,Not Applicable,Not Applicable,Not Applicable,Ratio,Two,World Development Indicators (WDI),Annual,Units,Normal value,Public,7.329,7.387,7.534,7.858,7.51,7.304,7.003,7.165,7.2,8.443,9.728,11.008,12.151,13.415,14.559,15.866,16.8,16.204,15.398,15.244,14.506,14.1,13.704,13.808,13.785,13.902,13.932,13.934,14.095,15.573,15.296,14.54,14.459,14.609,14.944
datastructure,WB.DATA360:DS_DATA360(1.3),I,A,DZA,WB_WDI_SL_UEM_TOTL_ZS,_T,_T,_T,PT_LF,_Z,_Z,_Z,_Z,RATIO,2,WB_WDI,P1Y,0,A,PU,Annual,Algeria,"Unemployment, total (% of total labor force) (modeled ILO estimate)",Total,All age ranges or no breakdown by age,Total,Percentage of labor force,Not Applicable,Not Applicable,Not Applicable,Not Applicable,Ratio,Two,World Development Indicators (WDI),Annual,Units,Normal value,Public,20.6,24.38,26.23,27.74,31.84,28.268,25.43,26.85,28.575,29.77,27.3,25.9,23.72,17.65,15.27,12.27,13.79,11.33,10.16,9.96,9.96,10.97,9.82,10.207,11.206,10.202,12.0,12.112,12.302,14.08,13.656,12.382,11.645,11.655,11.633
datastructure,WB.DATA360:DS_DATA360(1.3),I,A,TUN,WB_WDI_SL_UEM_TOTL_ZS,_T,_T,_T,PT_LF,_Z,_Z,_Z,_Z,RATIO,2,WB_WDI,P1Y,0,A,PU,Annual,Tunisia,"Unemployment, total (% of total labor force) (modeled ILO estimate)",Total,All age ranges or no breakdown by age,Total,Percentage of labor force,Not Applicable,Not Applicable,Not Applicable,Not Applicable,Ratio,Two,World Development Indicators (WDI),Annual,Units,Normal value,Public,15.935,15.598,15.948,16.006,16.348,16.061,15.94,15.473,15.21,14.94,14.4,14.55,14.51,14.23,12.872,12.51,12.365,12.444,13.29,13.049,18.334,17.63,15.934,14.259,15.159,15.557,15.33,15.459,17.153,17.651,16.632,15.3,15.106,15.341,15.108
datastructure,WB.DATA360:DS_DATA360(1.3),I,A,BWA,WB_WDI_SL_UEM_TOTL_ZS,_T,_T,_T,PT_LF,_Z,_Z,_Z,_Z,RATIO,2,WB_WDI,P1Y,0,A,PU,Annual,Botswana,"Unemployment, total (% of total labor force) (modeled ILO estimate)",Total,All age ranges or no breakdown by age,Total,Percentage of labor force,Not Applicable,Not Applicable,Not Applicable,Not Applicable,Ratio,Two,World Development Indicators (WDI),Annual,Units,Normal value,Public,13.82,16.33,18.761,21.2,21.394,21.593,21.031,20.86,18.224,15.88,18.54,21.277,23.8,21.755,19.852,17.782,16.976,16.293,16.169,17.86,18.049,17.916,18.167,18.484,18.915,19.328,19.671,19.665,20.094,21.017,23.106,23.615,23.381,23.81,24.477
datastructure,WB.DATA360:DS_DATA360(1.3),I,A,EGY,WB_WDI_SL_UEM_TOTL_ZS,_T,_T,_T,PT_LF,_Z,_Z,_Z,_Z,RATIO,2,WB_WDI,P1Y,0,A,PU,Annual,"Egypt, Arab Rep.","Unemployment, total (% of total labor force) (modeled ILO estimate)",Total,All age ranges or no breakdown by age,Total,Percentage of labor force,Not Applicable,Not Applicable,Not Applicable,Not Applicable,Ratio,Two,World Development Indicators (WDI),Annual,Units,Normal value,Public,9.38,8.92,10.92,10.93,11.04,9.0,8.37,8.03,7.95,8.98,9.26,10.01,10.91,10.32,11.049,10.49,8.8,8.517,9.087,8.757,11.849,12.597,13.154,13.105,13.052,12.45,11.767,9.855,7.851,7.974,7.441,6.546,6.753,6.817,6.781
datastructure,WB.DATA360:DS_DATA360(1.3),I,A,ZMB,WB_WDI_SL_UEM_TOTL_ZS,_T,_T,_T,PT_LF,_Z,_Z,_Z,_Z,RATIO,2,WB_WDI,P1Y,0,A,PU,Annual,Zambia,"Unemployment, total (% of total labor force) (modeled ILO estimate)",Total,All age ranges or no breakdown by age,Total,Percentage of labor force,Not Applicable,Not Applicable,Not Applicable,Not Applicable,Ratio,Two,World Development Indicators (WDI),Annual,Units,Normal value,Public,18.9,19.568,19.7,18.689,16.834,15.3,13.273,12.0,12.498,12.93,13.404,14.131,14.704,15.332,15.9,13.229,10.559,7.93,10.583,13.19,10.548,7.85,7.272,6.576,5.951,5.244,4.529,5.032,5.538,6.032,5.197,5.993,5.861,5.898,5.918
datastructure,WB.DATA360:DS_DATA360(1.3),I,A,PRK,WB_WDI_SL_UEM_TOTL_ZS,_T,_T,_T,PT_LF,_Z,_Z,_Z,_Z,RATIO,2,WB_WDI,P1Y,0,A,PU,Annual,"Korea, Dem. People's Rep.","Unemployment, total (% of total labor force) (modeled ILO estimate)",Total,All age ranges or no breakdown by age,Total,Percentage of labor force,Not Applicable,Not Applicable,Not Applicable,Not Applicable,Ratio,Two,World Development Indicators (WDI),Annual,Units,Normal value,Public,2.845,2.875,2.98,3.092,3.114,3.153,3.253,3.461,3.67,3.653,3.676,3.644,3.668,3.62,3.576,3.55,3.547,3.48,3.48,3.419,3.516,3.542,3.567,3.509,3.523,3.574,3.498,3.409,3.439,3.624,3.692,3.457,3.463,3.539,3.545
datastructure,WB.DATA360:DS_DATA360(1.3),I,A,IDA,WB_WDI_SL_UEM_TOTL_ZS,_T,_T,_T,PT_LF,_Z,_Z,_Z,_Z,RATIO,2,WB_WDI,P1Y,0,A,PU,Annual,IDA total,"Unemployment, total (% of total labor force) (modeled ILO estimate)",Total,All age ranges or no breakdown by age,Total,Percentage of labor force,Not Applicable,Not Applicable,Not Applicable,Not Applicable,Ratio,Two,World Development Indicators (WDI),Annual,Units,Normal value,Public,4.1069521928438135,4.163441939171498,4.255981555062776,4.283323954917995,4.230832137180905,4.262689026921628,4.242819084644346,4.325888988716473,4.416835611030492,4.418795737583115,4.413008017814556,4.395382961446777,4.366798454454891,4.260953081054958,4.156439209731131,4.001431176783405,3.9848968087593293,4.056870825239278,4.123077622248502,4.048305347326747,4.084450073433735,4.4005144011552355,4.223403735856983,4.1251730610121955,4.42667989026364,4.323636035087572,4.529206438477863,4.642686438975186,4.763414583155446,5.520304398194863,5.597431665488285,4.809300572785393,4.436545783076703,4.412604372960878,4.429406004655577
datastructure,WB.DATA360:DS_DATA360(1.3),I,A,NLD,WB_WDI_SL_UEM_TOTL_ZS,_T,_T,_T,PT_LF,_Z,_Z,_Z,_Z,RATIO,2,WB_WDI,P1Y,0,A,PU,Annual,Netherlands,"Unemployment, total (% of total labor force) (modeled ILO estimate)",Total,All age ranges or no breakdown by age,Total,Percentage of labor force,Not Applicable,Not Applicable,Not Applicable,Not Applicable,Ratio,Two,World Development Indicators (WDI),Annual,Units,Normal value,Public,7.285,5.555,6.287,7.159,7.157,6.421,5.511,4.394,3.622,2.725,2.119,2.554,3.593,4.646,5.872,5.007,4.153,3.658,4.352,4.991,4.977,5.821,7.241,7.419,6.872,6.007,4.837,3.832,3.379,3.82,4.209,3.526,3.535,3.7,3.874
datastructure,WB.DATA360:DS_DATA360(1.3),I,A,TGO,WB_WDI_SL_UEM_TOTL_ZS,_T,_T,_T,PT_LF,_Z,_Z,_Z,_Z,RATIO,2,WB_WDI,P1Y,0,A,PU,Annual,Togo,"Unemployment, total (% of total labor force) (modeled ILO estimate)",Total,All age ranges or no breakdown by age,Total,Percentage of labor force,Not Applicable,Not Applicable,Not Applicable,Not Applicable,Ratio,Two,World Development Indicators (WDI),Annual,Units,Normal value,Public,4.057,4.209,4.507,4.201,3.99,3.606,3.618,3.78,3.889,4.162,4.108,4.087,3.957,3.992,4.149,4.229,3.822,3.279,2.847,2.379,1.982,2.029,2.084,2.141,2.204,2.968,3.744,2.9,2.036,2.231,2.344,1.965,1.942,1.948,1.995
datastructure,WB.DATA360:DS_DATA360(1.3),I,A,QAT,WB_WDI_SL_UEM_TOTL_ZS,_T,_T,_T,PT_LF,_Z,_Z,_Z,_Z,RATIO,2,WB_WDI,P1Y,0,A,PU,Annual,Qatar,"Unemployment, total (% of total labor force) (modeled ILO estimate)",Total,All age ranges or no breakdown by age,Total,Percentage of labor force,Not Applicable,Not Applicable,Not Applicable,Not Applicable,Ratio,Two,World Development Indicators (WDI),Annual,Units,Normal value,Public,0.87,0.87,0.87,0.87,0.87,0.87,0.87,0.87,0.87,0.87,0.87,0.87,0.87,0.87,0.87,0.87,0.52,0.31,0.31,0.45,0.56,0.48,0.28,0.2,0.17,0.15,0.14,0.11,0.1,0.14,0.14,0.13,0.13,0.13,0.13
datastructure,WB.DATA360:DS_DATA360(1.3),I,A,SVK,WB_WDI_SL_UEM_TOTL_ZS,_T,_T,_T,PT_LF,_Z,_Z,_Z,_Z,RATIO,2,WB_WDI,P1Y,0,A,PU,Annual,Slovak Republic,"Unemployment, total (% of total labor force) (modeled ILO estimate)",Total,All age ranges or no breakdown by age,Total,Percentage of labor force,Not Applicable,Not Applicable,Not Applicable,Not Applicable,Ratio,Two,World Development Indicators (WDI),Annual,Units,Normal value,Public,12.1,12.185,12.2,13.654,13.109,11.341,11.894,12.421,16.099,18.546,19.148,18.541,17.549,18.206,16.276,13.395,11.16,9.514,12.023,14.387,13.634,13.966,14.226,11.536,11.492,9.679,8.142,6.544,5.761,6.719,6.894,6.143,5.843,5.3,5.359
datastructure,WB.DATA360:DS_DATA360(1.3),I,A,ECU,WB_WDI_SL_UEM_TOTL_ZS,_T,_T,_T,PT_LF,_Z,_Z,_Z,_Z,RATIO,2,WB_WDI,P1Y,0,A,PU,Annual,Ecuador,"Unemployment, total (% of total labor force) (modeled ILO estimate)",Total,All age ranges or no breakdown by age,Total,Percentage of labor force,Not Applicable,Not Applicable,Not Applicable,Not Applicable,Ratio,Two,World Development Indicators (WDI),Annual,Units,Normal value,Public,4.371,4.333,4.403,4.409,4.408,4.422,4.424,4.389,4.656,4.8,4.252,4.825,5.662,5.002,3.779,3.55,3.142,3.917,4.608,4.088,3.458,3.235,3.083,3.48,3.616,4.597,3.836,3.53,3.812,6.116,4.504,3.713,3.51,3.453,3.308
datastructure,WB.DATA360:DS_DATA360(1.3),I,A,COL,WB_WDI_SL_UEM_TOTL_ZS,_T,_T,_T,PT_LF,_Z,_Z,_Z,_Z,RATIO,2,WB_WDI,P1Y,0,A,PU,Annual,Colombia,"Unemployment, total (% of total labor force) (modeled ILO estimate)",Total,All age ranges or no breakdown by age,Total,Percentage of labor force,Not Applicable,Not Applicable,Not Applicable,Not Applicable,Ratio,Two,World Development Indicators (WDI),Annual,Units,Normal value,Public,10.12,9.44,7.8,8.25,8.72,11.81,12.14,15.0,20.06,20.52,15.04,14.481,13.221,13.717,11.062,11.088,11.204,11.273,12.066,11.153,10.288,9.959,9.246,8.799,8.572,8.922,9.086,9.36,10.28,15.983,13.898,10.541,9.591,9.619,8.29
datastructure,WB.DATA360:DS_DATA360(1.3),I,A,UGA,WB_WDI_SL_UEM_TOTL_ZS,_T,_T,_T,PT_LF,_Z,_Z,_Z,_Z,RATIO,2,WB_WDI,P1Y,0,A,PU,Annual,Uganda,"Unemployment, total (% of total labor force) (modeled ILO estimate)",Total,All age ranges or no breakdown by age,Total,Percentage of labor force,Not Applicable,Not Applicable,Not Applicable,Not Applicable,Ratio,Two,World Development Indicators (WDI),Annual,Units,Normal value,Public,3.448,3.553,3.487,3.458,3.193,3.169,3.209,3.424,3.46,3.531,3.522,3.5,3.6,2.699,1.9,2.264,2.667,3.035,3.6,3.623,3.523,3.551,1.91,2.357,2.681,3.002,3.428,3.249,3.057,3.819,3.416,2.885,2.754,2.74,2.746
datastructure,WB.DATA360:DS_DATA360(1.3),I,A,VIR,WB_WDI_SL_UEM_TOTL_ZS,_T,_T,_T,PT_LF,_Z,_Z,_Z,_Z,RATIO,2,WB_WDI,P1Y,0,A,PU,Annual,Virgin Islands (U.S.),"Unemployment, total (% of total labor force) (modeled ILO estimate)",Total,All age ranges or no breakdown by age,Total,Percentage of labor force,Not Applicable,Not Applicable,Not Applicable,Not Applicable,Ratio,Two,World Development Indicators (WDI),Annual,Units,Normal value,Public,10.917,11.088,11.187,10.959,10.611,10.647,10.547,10.446,10.172,9.834,9.969,10.227,10.574,10.266,10.228,9.734,9.523,9.605,10.864,11.059,11.337,11.387,11.802,11.871,11.649,11.734,11.445,11.703,11.774,14.366,13.508,12.092,11.358,11.423,11.443
datastructure,WB.DATA360:DS_DATA360(1.3),I,A,BLR,WB_WDI_SL_UEM_TOTL_ZS,_T,_T,_T,PT_LF,_Z,_Z,_Z,_Z,RATIO,2,WB_WDI,P1Y,0,A,PU,Annual,Belarus,"Unemployment, total (% of total labor force) (modeled ILO estimate)",Total,All age ranges or no breakdown by age,Total,Percentage of labor force,Not Applicable,Not Applicable,Not Applicable,Not Applicable,Ratio,Two,World Development Indicators (WDI),Annual,Units,Normal value,Public,0.6,3.1,8.5,12.8,17.7,24.4,17.1,14.0,12.8,12.193,11.561,10.874,10.191,9.463,8.759,8.066,7.41,6.728,6.1,6.052,6.024,5.962,5.942,5.908,5.881,5.844,5.648,4.763,4.165,4.049,3.9,3.574,3.461,3.458,3.38
datastructure,WB.DATA360:DS_DATA360(1.3),I,A,TLA,WB_WDI_SL_UEM_TOTL_ZS,_T,_T,_T,PT_LF,_Z,_Z,_Z,_Z,RATIO,2,WB_WDI,P1Y,0,A,PU,Annual,Latin America & Caribbean (IDA & IBRD),"Unemployment, total (% of total labor force) (modeled ILO estimate)",Total,All age ranges or no breakdown by age,Total,Percentage of labor force,Not Applicable,Not Applicable,Not Applicable,Not Applicable,Ratio,Two,World Development Indicators (WDI),Annual,Units,Normal value,Public,6.184999615023295,6.161958473639117,5.912248973343396,6.566808003448378,7.85357644180886,8.267874050147233,8.123852220717184,8.503834894904651,9.48237924552907,9.528948939869085,9.1432735656305,9.500848728107192,9.383825652580494,8.880292136146748,8.343655711296421,7.707677743064503,7.312147335456939,6.915744630420595,7.894061647842474,7.26042689855492,6.735161987384841,6.43477941830029,6.394017611642242,6.2093555986430395,6.729247412734795,7.820396885179884,8.128659994264831,8.03589728630349,8.106338518961465,10.355452107179012,9.26330031941499,7.015569496066882,6.262689912972445,5.930885277029197,5.509866346544555
datastructure,WB.DATA360:DS_DATA360(1.3),I,A,SWE,WB_WDI_SL_UEM_TOTL_ZS,_T,_T,_T,PT_LF,_Z,_Z,_Z,_Z,RATIO,2,WB_WDI,P1Y,0,A,PU,Annual,Sweden,"Unemployment, total (% of total labor force) (modeled ILO estimate)",Total,All age ranges or no breakdown by age,Total,Percentage of labor force,Not Applicable,Not Applicable,Not Applicable,Not Applicable,Ratio,Two,World Development Indicators (WDI),Annual,Units,Normal value,Public,3.243,5.722,9.33,9.58,8.897,9.547,10.359,8.941,7.607,5.466,4.73,4.965,5.555,6.693,7.81,7.066,6.161,6.235,8.351,8.61,7.804,7.976,8.052,7.954,7.432,6.99,6.718,6.365,6.833,8.291,8.803,7.417,7.611,8.4,8.694
datastructure,WB.DATA360:DS_DATA360(1.3),I,A,BTN,WB_WDI_SL_UEM_TOTL_ZS,_T,_T,_T,PT_LF,_Z,_Z,_Z,_Z,RATIO,2,WB_WDI,P1Y,0,A,PU,Annual,Bhutan,"Unemployment, total (% of total labor force) (modeled ILO estimate)",Total,All age ranges or no breakdown by age,Total,Percentage of labor force,Not Applicable,Not Applicable,Not Applicable,Not Applicable,Ratio,Two,World Development Indicators (WDI),Annual,Units,Normal value,Public,1.381,1.391,1.418,1.405,1.4,1.392,1.393,1.4,1.4,1.655,1.9,1.854,1.8,2.49,3.1,3.13,3.7,3.848,3.96,3.32,3.23,2.05,2.87,2.63,2.45,2.707,3.027,3.35,2.72,5.03,4.803,5.947,3.126,3.282,3.227
datastructure,WB.DATA360:DS_DATA360(1.3),I,A,GNB,WB_WDI_SL_UEM_TOTL_ZS,_T,_T,_T,PT_LF,_Z,_Z,_Z,_Z,RATIO,2,WB_WDI,P1Y,0,A,PU,Annual,Guinea-Bissau,"Unemployment, total (% of total labor force) (modeled ILO estimate)",Total,All age ranges or no breakdown by age,Total,Percentage of labor force,Not Applicable,Not Applicable,Not Applicable,Not Applicable,Ratio,Two,World Development Indicators (WDI),Annual,Units,Normal value,Public,3.009,3.083,3.143,3.173,3.126,2.994,2.951,3.349,3.269,3.358,2.958,3.146,3.169,3.226,3.184,3.143,3.125,3.157,3.163,3.121,3.072,3.135,3.173,3.285,3.168,3.139,3.089,3.127,2.413,2.887,3.016,2.666,2.632,2.647,2.673
datastructure,WB.DATA360:DS_DATA360(1.3),I,A,GBR,WB_WDI_SL_UEM_TOTL_ZS,_T,_T,_T,PT_LF,_Z,_Z,_Z,_Z,RATIO,2,WB_WDI,P1Y,0,A,PU,Annual,United Kingdom,"Unemployment, total (% of total labor force) (modeled ILO estimate)",Total,All age ranges or no breakdown by age,Total,Percentage of labor force,Not Applicable,Not Applicable,Not Applicable,Not Applicable,Ratio,Two,World Development Indicators (WDI),Annual,Units,Normal value,Public,8.55,9.772,10.346,9.648,8.694,8.189,7.072,6.198,6.042,5.558,4.696,5.037,4.807,4.594,4.884,5.472,5.399,5.748,7.683,7.973,8.195,8.279,7.752,6.398,5.552,4.909,4.501,4.145,3.657,4.472,4.864,3.768,4.025,4.361,4.746
datastructure,WB.DATA360:DS_DATA360(1.3),I,A,EMU,WB_WDI_SL_UEM_TOTL_ZS,_T,_T,_T,PT_LF,_Z,_Z,_Z,_Z,RATIO,2,WB_WDI,P1Y,0,A,PU,Annual,Euro area,"Unemployment, total (% of total labor force) (modeled ILO estimate)",Total,All age ranges or no breakdown by age,Total,Percentage of labor force,Not Applicable,Not Applicable,Not Applicable,Not Applicable,Ratio,Two,World Development Indicators (WDI),Annual,Units,Normal value,Public,8.381516593659432,9.079403778231319,10.824111215694005,11.762306932031809,11.411647042215467,11.645805151772667,11.670056309142844,11.228173148853687,10.536685085079059,9.624109878390982,8.680433597739219,8.886727191450587,9.121461212461393,9.348951357228005,9.169219832183856,8.440479048166102,7.523167937973758,7.502833922314252,9.574396387276874,10.176173821005227,10.280513663125156,11.432824098026874,12.018406327794144,11.620730413934927,10.847744856389939,9.986085456044028,9.013116601340663,8.089323082041002,7.444681872073808,7.782625859860408,7.694469926803611,6.729769673746394,6.522673890152261,6.347780646059106,6.2835594626413505
datastructure,WB.DATA360:DS_DATA360(1.3),I,A,SLE,WB_WDI_SL_UEM_TOTL_ZS,_T,_T,_T,PT_LF,_Z,_Z,_Z,_Z,RATIO,2,WB_WDI,P1Y,0,A,PU,Annual,Sierra Leone,"Unemployment, total (% of total labor force) (modeled ILO estimate)",Total,All age ranges or no breakdown by age,Total,Percentage of labor force,Not Applicable,Not Applicable,Not Applicable,Not Applicable,Ratio,Two,World Development Indicators (WDI),Annual,Units,Normal value,Public,4.135,4.376,4.401,4.457,4.317,4.313,4.363,4.242,4.288,4.137,4.235,3.909,3.879,3.42,3.734,3.89,4.022,4.132,4.268,4.34,4.388,4.378,4.376,4.678,4.483,4.182,3.656,3.192,3.204,3.509,3.551,3.137,3.092,3.103,3.15
datastructure,WB.DATA360:DS_DATA360(1.3),I,A,AFW,WB_WDI_SL_UEM_TOTL_ZS,_T,_T,_T,PT_LF,_Z,_Z,_Z,_Z,RATIO,2,WB_WDI,P1Y,0,A,PU,Annual,Africa Western and Central,"Unemployment, total (% of total labor force) (modeled ILO estimate)",Total,All age ranges or no breakdown by age,Total,Percentage of labor force,Not Applicable,Not Applicable,Not Applicable,Not Applicable,Ratio,Two,World Development Indicators (WDI),Annual,Units,Normal value,Public,4.158007599818615,4.246755781832807,4.366823606793586,4.390402999076657,4.393271147042146,4.32685070034471,4.296798290523436,4.304834597296593,4.4904473008298496,4.531310478350593,4.46563029423928,4.27392083907488,4.1682062921005985,4.0869890412801455,4.09641162927698,3.969002076197035,3.9482049519299434,3.9680890459234672,4.004412572179984,3.9917917064522452,3.9700736588155117,3.9829143856029305,3.7101099593587406,3.890182866228656,4.172773108396901,4.169101669081058,4.28464574730964,4.3360997924929565,4.393902844845255,4.799306201635799,4.670761090032185,3.5965380146293757,3.203354963400019,3.174915388110678,3.19297271435272
datastructure,WB.DATA360:DS_DATA360(1.3),I,A,HKG,WB_WDI_SL_UEM_TOTL_ZS,_T,_T,_T,PT_LF,_Z,_Z,_Z,_Z,RATIO,2,WB_WDI,P1Y,0,A,PU,Annual,"Hong Kong SAR, China","Unemployment, total (% of total labor force) (modeled ILO estimate)",Total,All age ranges or no breakdown by age,Total,Percentage of labor force,Not Applicable,Not Applicable,Not Applicable,Not Applicable,Ratio,Two,World Development Indicators (WDI),Annual,Units,Normal value,Public,1.8,1.96,1.96,1.9,3.22,2.83,2.22,4.58,6.25,4.92,5.09,7.28,7.86,6.74,5.58,4.77,4.01,3.56,5.26,4.329,3.422,3.285,3.4,3.296,3.314,3.392,3.124,2.805,2.917,5.808,5.174,4.318,2.949,2.988,2.799
datastructure,WB.DATA360:DS_DATA360(1.3),I,A,KAZ,WB_WDI_SL_UEM_TOTL_ZS,_T,_T,_T,PT_LF,_Z,_Z,_Z,_Z,RATIO,2,WB_WDI,P1Y,0,A,PU,Annual,Kazakhstan,"Unemployment, total (% of total labor force) (modeled ILO estimate)",Total,All age ranges or no breakdown by age,Total,Percentage of labor force,Not Applicable,Not Applicable,Not Applicable,Not Applicable,Ratio,Two,World Development Indicators (WDI),Annual,Units,Normal value,Public,0.9,1.0,1.11,7.54,10.98,12.96,13.01,13.13,13.46,12.75,10.43,9.33,8.78,8.4,8.13,7.79,7.26,6.63,6.55,5.77,5.39,5.29,5.2,5.06,4.93,4.96,4.9,4.85,4.8,4.89,5.568,4.86,4.835,4.833,4.771
datastructure,WB.DATA360:DS_DATA360(1.3),I,A,LCA,WB_WDI_SL_UEM_TOTL_ZS,_T,_T,_T,PT_LF,_Z,_Z,_Z,_Z,RATIO,2,WB_WDI,P1Y,0,A,PU,Annual,St. Lucia,"Unemployment, total (% of total labor force) (modeled ILO estimate)",Total,All age ranges or no breakdown by age,Total,Percentage of labor force,Not Applicable,Not Applicable,Not Applicable,Not Applicable,Ratio,Two,World Development Indicators (WDI),Annual,Units,Normal value,Public,16.521,16.549,16.8,17.0,15.83,16.33,20.47,21.6,18.09,16.49,18.538,20.39,22.18,20.97,18.7,16.0,14.0,12.72,15.37,17.118,18.86,19.06,22.21,21.583,20.84,19.932,19.136,19.329,15.613,25.224,20.514,15.934,12.094,10.199,9.452
datastructure,WB.DATA360:DS_DATA360(1.3),I,A,BRB,WB_WDI_SL_UEM_TOTL_ZS,_T,_T,_T,PT_LF,_Z,_Z,_Z,_Z,RATIO,2,WB_WDI,P1Y,0,A,PU,Annual,Barbados,"Unemployment, total (% of total labor force) (modeled ILO estimate)",Total,All age ranges or no breakdown by age,Total,Percentage of labor force,Not Applicable,Not Applicable,Not Applicable,Not Applicable,Ratio,Two,World Development Indicators (WDI),Annual,Units,Normal value,Public,22.41,22.94,24.54,22.98,19.66,14.71,14.61,12.4,10.61,9.35,9.85,10.32,11.0,9.57,9.08,8.73,7.41,8.12,10.02,10.69,11.19,11.59,11.55,12.17,9.803,8.247,8.62,8.321,8.41,10.586,11.015,7.261,6.54,6.448,6.524
datastructure,WB.DATA360:DS_DATA360(1.3),I,A,STP,WB_WDI_SL_UEM_TOTL_ZS,_T,_T,_T,PT_LF,_Z,_Z,_Z,_Z,RATIO,2,WB_WDI,P1Y,0,A,PU,Annual,São Tomé and Príncipe,"Unemployment, total (% of total labor force) (modeled ILO estimate)",Total,All age ranges or no breakdown by age,Total,Percentage of labor force,Not Applicable,Not Applicable,Not Applicable,Not Applicable,Ratio,Two,World Development Indicators (WDI),Annual,Units,Normal value,Public,14.493,14.65,14.46,14.41,14.342,14.33,14.414,14.398,14.352,14.4,15.73,17.63,16.36,16.12,16.47,16.65,16.021,15.421,15.136,14.628,14.229,13.59,12.476,11.428,10.591,9.684,8.808,8.712,8.835,9.679,9.563,8.964,9.032,9.057,9.132
datastructure,WB.DATA360:DS_DATA360(1.3),I,A,MWI,WB_WDI_SL_UEM_TOTL_ZS,_T,_T,_T,PT_LF,_Z,_Z,_Z,_Z,RATIO,2,WB_WDI,P1Y,0,A,PU,Annual,Malawi,"Unemployment, total (% of total labor force) (modeled ILO estimate)",Total,All age ranges or no breakdown by age,Total,Percentage of labor force,Not Applicable,Not Applicable,Not Applicable,Not Applicable,Ratio,Two,World Development Indicators (WDI),Annual,Units,Normal value,Public,4.9,5.064,4.988,5.368,4.895,4.94,4.69,4.921,5.002,5.045,5.221,5.248,5.165,4.964,4.935,4.954,4.876,4.796,4.732,4.78,4.829,4.949,4.978,4.967,4.953,5.011,5.046,5.021,4.964,5.72,5.652,5.02,5.009,5.051,5.072
datastructure,WB.DATA360:DS_DATA360(1.3),I,A,LVA,WB_WDI_SL_UEM_TOTL_ZS,_T,_T,_T,PT_LF,_Z,_Z,_Z,_Z,RATIO,2,WB_WDI,P1Y,0,A,PU,Annual,Latvia,"Unemployment, total (% of total labor force) (modeled ILO estimate)",Total,All age ranges or no breakdown by age,Total,Percentage of labor force,Not Applicable,Not Applicable,Not Applicable,Not Applicable,Ratio,Two,World Development Indicators (WDI),Annual,Units,Normal value,Public,2.7,6.6,16.7,18.7,19.0,20.7,14.9,14.454,13.79,14.211,13.821,13.829,12.061,11.708,10.033,7.03,6.052,7.739,17.515,19.482,16.206,15.047,11.867,10.846,9.873,9.643,8.715,7.412,6.312,8.098,7.513,6.815,6.465,6.9,6.568
datastructure,WB.DATA360:DS_DATA360(1.3),I,A,DNK,WB_WDI_SL_UEM_TOTL_ZS,_T,_T,_T,PT_LF,_Z,_Z,_Z,_Z,RATIO,2,WB_WDI,P1Y,0,A,PU,Annual,Denmark,"Unemployment, total (% of total labor force) (modeled ILO estimate)",Total,All age ranges or no breakdown by age,Total,Percentage of labor force,Not Applicable,Not Applicable,Not Applicable,Not Applicable,Ratio,Two,World Development Indicators (WDI),Annual,Units,Normal value,Public,9.099,9.027,10.719,8.036,6.992,6.844,5.4,5.039,5.141,4.476,4.164,4.274,5.398,5.204,4.83,3.897,3.801,3.683,6.409,7.746,7.769,7.798,7.384,6.925,6.278,5.989,5.833,5.131,5.018,5.644,5.065,4.434,5.094,5.358,5.529
datastructure,WB.DATA360:DS_DATA360(1.3),I,A,PST,WB_WDI_SL_UEM_TOTL_ZS,_T,_T,_T,PT_LF,_Z,_Z,_Z,_Z,RATIO,2,WB_WDI,P1Y,0,A,PU,Annual,Post-demographic dividend,"Unemployment, total (% of total labor force) (modeled ILO estimate)",Total,All age ranges or no breakdown by age,Total,Percentage of labor force,Not Applicable,Not Applicable,Not Applicable,Not Applicable,Ratio,Two,World Development Indicators (WDI),Annual,Units,Normal value,Public,6.304208256600871,6.912433655697074,7.510390603300699,7.50942275337142,7.384452338986783,7.55967472307922,7.364787230061361,7.396922614482233,7.114551490088196,6.536991203041084,6.383593277028129,6.776644676225945,6.861992283874373,6.672049106579062,6.409100836287898,5.994063325312998,5.57196004328002,5.902285425175821,8.072742259772768,8.347269625929428,8.06019449389029,8.11703125262048,8.010551384625519,7.462062029448106,6.88380194224391,6.410545886205632,5.850214745994489,5.2934099897990805,4.938637939272053,6.725485759204979,5.806029953509641,4.526022268199374,4.469603836074337,4.612127082030825,4.699056382493383
datastructure,WB.DATA360:DS_DATA360(1.3),I,A,DEU,WB_WDI_SL_UEM_TOTL_ZS,_T,_T,_T,PT_LF,_Z,_Z,_Z,_Z,RATIO,2,WB_WDI,P1Y,0,A,PU,Annual,Germany,"Unemployment, total (% of total labor force) (modeled ILO estimate)",Total,All age ranges or no breakdown by age,Total,Percentage of labor force,Not Applicable,Not Applicable,Not Applicable,Not Applicable,Ratio,Two,World Development Indicators (WDI),Annual,Units,Normal value,Public,5.316,6.323,7.675,8.727,8.158,8.822,9.861,9.787,8.854,7.917,7.773,8.482,9.779,10.727,11.193,10.277,8.732,7.508,7.88,7.043,5.967,5.372,5.316,4.979,4.612,4.104,3.781,3.384,3.163,3.881,3.594,3.137,3.071,3.4,3.711
datastructure,WB.DATA360:DS_DATA360(1.3),I,A,OED,WB_WDI_SL_UEM_TOTL_ZS,_T,_T,_T,PT_LF,_Z,_Z,_Z,_Z,RATIO,2,WB_WDI,P1Y,0,A,PU,Annual,OECD members,"Unemployment, total (% of total labor force) (modeled ILO estimate)",Total,All age ranges or no breakdown by age,Total,Percentage of labor force,Not Applicable,Not Applicable,Not Applicable,Not Applicable,Ratio,Two,World Development Indicators (WDI),Annual,Units,Normal value,Public,6.784536498352123,7.2689639895624385,7.761860745817268,7.834744592830503,7.603515061363315,7.548608806420878,7.252579761435197,7.2199536786198975,7.164983431920108,6.711002006329853,6.617322444028556,7.139876761718488,7.274837710003771,7.174411197021393,6.831467101328301,6.346181162606176,5.889402618695472,6.205602048612737,8.380893272836639,8.520793910231795,8.122089951438074,8.1052243905592,8.005201550938033,7.4135598159745415,6.860872800160111,6.437779997808253,5.917791575726202,5.474440107149322,5.386951910588071,7.150074225625116,6.196050241779052,4.994930647132631,4.826313741952039,4.909178594171636,4.927291255408912
datastructure,WB.DATA360:DS_DATA360(1.3),I,A,TEA,WB_WDI_SL_UEM_TOTL_ZS,_T,_T,_T,PT_LF,_Z,_Z,_Z,_Z,RATIO,2,WB_WDI,P1Y,0,A,PU,Annual,East Asia & Pacific (IDA & IBRD),"Unemployment, total (% of total labor force) (modeled ILO estimate)",Total,All age ranges or no breakdown by age,Total,Percentage of labor force,Not Applicable,Not Applicable,Not Applicable,Not Applicable,Ratio,Two,World Development Indicators (WDI),Annual,Units,Normal value,Public,2.407319608379802,2.3757682615715154,2.629366536165585,2.930699406299928,3.0149605384937805,3.120706205039681,3.212378644071381,3.3824223282411046,3.47579200535286,3.4300112815285715,3.858504496720835,4.177413367408335,4.428076738741002,4.4231031090688635,4.503837021375909,4.3960838573092005,4.376802638600994,4.458804405485484,4.43923742826889,4.174877870593422,4.123772983950658,4.060448515918734,4.0624577727246605,4.058537418446979,4.1337720514722545,4.0503221911626,3.9282133945413724,3.818606096417022,3.9115575324954652,4.381036358853615,4.140065428949874,4.247116395011857,3.9851480368452132,3.91959262359653,3.923963832474781
datastructure,WB.DATA360:DS_DATA360(1.3),I,A,MEX,WB_WDI_SL_UEM_TOTL_ZS,_T,_T,_T,PT_LF,_Z,_Z,_Z,_Z,RATIO,2,WB_WDI,P1Y,0,A,PU,Annual,Mexico,"Unemployment, total (% of total labor force) (modeled ILO estimate)",Total,All age ranges or no breakdown by age,Total,Percentage of labor force,Not Applicable,Not Applicable,Not Applicable,Not Applicable,Ratio,Two,World Development Indicators (WDI),Annual,Units,Normal value,Public,3.145,3.235,3.365,4.436,7.095,5.465,4.235,3.733,2.598,2.646,2.627,3.003,3.455,3.937,3.558,3.566,3.628,3.874,5.356,5.303,5.175,4.892,4.921,4.819,4.311,3.853,3.419,3.275,3.477,4.44,4.019,3.256,2.765,2.678,2.673
datastructure,WB.DATA360:DS_DATA360(1.3),I,A,MUS,WB_WDI_SL_UEM_TOTL_ZS,_T,_T,_T,PT_LF,_Z,_Z,_Z,_Z,RATIO,2,WB_WDI,P1Y,0,A,PU,Annual,Mauritius,"Unemployment, total (% of total labor force) (modeled ILO estimate)",Total,All age ranges or no breakdown by age,Total,Percentage of labor force,Not Applicable,Not Applicable,Not Applicable,Not Applicable,Ratio,Two,World Development Indicators (WDI),Annual,Units,Normal value,Public,9.493,9.428,9.5,9.513,9.59,9.503,9.381,9.253,9.278,9.125,9.14,8.205,8.318,8.337,9.524,9.04,8.475,7.17,7.257,7.654,7.447,7.472,7.322,7.467,7.41,6.814,6.752,6.426,6.331,8.626,7.719,6.322,5.571,5.548,5.635
datastructure,WB.DATA360:DS_DATA360(1.3),I,A,THA,WB_WDI_SL_UEM_TOTL_ZS,_T,_T,_T,PT_LF,_Z,_Z,_Z,_Z,RATIO,2,WB_WDI,P1Y,0,A,PU,Annual,Thailand,"Unemployment, total (% of total labor force) (modeled ILO estimate)",Total,All age ranges or no breakdown by age,Total,Percentage of labor force,Not Applicable,Not Applicable,Not Applicable,Not Applicable,Ratio,Two,World Development Indicators (WDI),Annual,Units,Normal value,Public,2.63,1.35,1.49,1.347,1.1,1.071,0.873,3.404,2.968,2.389,2.6,1.82,1.54,1.51,1.35,1.22,1.18,1.18,1.49,0.622,0.66,0.58,0.249,0.576,0.597,0.688,0.83,0.765,0.716,1.099,1.215,0.94,0.733,0.781,0.781
datastructure,WB.DATA360:DS_DATA360(1.3),I,A,COD,WB_WDI_SL_UEM_TOTL_ZS,_T,_T,_T,PT_LF,_Z,_Z,_Z,_Z,RATIO,2,WB_WDI,P1Y,0,A,PU,Annual,"Congo, Dem. Rep.","Unemployment, total (% of total labor force) (modeled ILO estimate)",Total,All age ranges or no breakdown by age,Total,Percentage of labor force,Not Applicable,Not Applicable,Not Applicable,Not Applicable,Ratio,Two,World Development Indicators (WDI),Annual,Units,Normal value,Public,3.272,3.372,3.45,3.403,3.285,3.156,3.171,3.195,3.23,3.245,3.251,3.179,3.057,2.976,2.948,3.174,3.404,3.627,3.882,4.098,4.317,4.485,4.469,4.436,4.441,4.528,4.613,4.632,4.605,5.355,5.289,4.54,4.469,4.421,4.434
datastructure,WB.DATA360:DS_DATA360(1.3),I,A,SRB,WB_WDI_SL_UEM_TOTL_ZS,_T,_T,_T,PT_LF,_Z,_Z,_Z,_Z,RATIO,2,WB_WDI,P1Y,0,A,PU,Annual,Serbia,"Unemployment, total (% of total labor force) (modeled ILO estimate)",Total,All age ranges or no breakdown by age,Total,Percentage of labor force,Not Applicable,Not Applicable,Not Applicable,Not Applicable,Ratio,Two,World Development Indicators (WDI),Annual,Units,Normal value,Public,13.371,13.397,13.416,13.405,13.4,13.2,13.8,13.7,13.7,12.6,12.8,13.8,15.2,18.5,20.85,20.85,18.06,13.67,16.116,19.204,22.959,24.0,22.154,19.223,17.66,15.257,13.477,12.733,10.395,9.011,9.843,8.439,8.268,7.24,7.123
datastructure,WB.DATA360:DS_DATA360(1.3),I,A,USA,WB_WDI_SL_UEM_TOTL_ZS,_T,_T,_T,PT_LF,_Z,_Z,_Z,_Z,RATIO,2,WB_WDI,P1Y,0,A,PU,Annual,United States,"Unemployment, total (% of total labor force) (modeled ILO estimate)",Total,All age ranges or no breakdown by age,Total,Percentage of labor force,Not Applicable,Not Applicable,Not Applicable,Not Applicable,Ratio,Two,World Development Indicators (WDI),Annual,Units,Normal value,Public,6.8,7.5,6.9,6.119,5.65,5.451,5.0,4.511,4.219,3.992,4.731,5.783,5.989,5.529,5.084,4.623,4.622,5.784,9.254,9.633,8.949,8.069,7.375,6.168,5.28,4.869,4.355,3.896,3.669,8.055,5.349,3.65,3.638,4.022,4.198
datastructure,WB.DATA360:DS_DATA360(1.3),I,A,VUT,WB_WDI_SL_UEM_TOTL_ZS,_T,_T,_T,PT_LF,_Z,_Z,_Z,_Z,RATIO,2,WB_WDI,P1Y,0,A,PU,Annual,Vanuatu,"Unemployment, total (% of total labor force) (modeled ILO estimate)",Total,All age ranges or no breakdown by age,Total,Percentage of labor force,Not Applicable,Not Applicable,Not Applicable,Not Applicable,Ratio,Two,World Development Indicators (WDI),Annual,Units,Normal value,Public,7.976,7.945,8.262,8.083,8.134,8.091,8.221,8.223,8.29,8.266,8.415,8.598,8.659,8.432,8.121,8.006,6.855,5.663,4.565,4.681,4.811,4.936,5.038,5.137,5.168,5.197,5.247,5.353,5.444,4.046,4.776,5.077,5.011,4.988,5.073
datastructure,WB.DATA360:DS_DATA360(1.3),I,A,CAN,WB_WDI_SL_UEM_TOTL_ZS,_T,_T,_T,PT_LF,_Z,_Z,_Z,_Z,RATIO,2,WB_WDI,P1Y,0,A,PU,Annual,Canada,"Unemployment, total (% of total labor force) (modeled ILO estimate)",Total,All age ranges or no breakdown by age,Total,Percentage of labor force,Not Applicable,Not Applicable,Not Applicable,Not Applicable,Ratio,Two,World Development Indicators (WDI),Annual,Units,Normal value,Public,10.316,11.197,11.377,10.395,9.489,9.62,9.1,8.278,7.583,6.829,7.219,7.665,7.574,7.185,6.758,6.484,6.156,6.284,8.46,8.178,7.637,7.392,7.143,7.023,6.945,7.038,6.426,5.837,5.69,9.657,7.527,5.279,5.415,6.351,6.907
datastructure,WB.DATA360:DS_DATA360(1.3),I,A,MLI,WB_WDI_SL_UEM_TOTL_ZS,_T,_T,_T,PT_LF,_Z,_Z,_Z,_Z,RATIO,2,WB_WDI,P1Y,0,A,PU,Annual,Mali,"Unemployment, total (% of total labor force) (modeled ILO estimate)",Total,All age ranges or no breakdown by age,Total,Percentage of labor force,Not Applicable,Not Applicable,Not Applicable,Not Applicable,Ratio,Two,World Development Indicators (WDI),Annual,Units,Normal value,Public,1.399,1.483,1.419,1.512,1.464,1.421,1.411,1.342,1.358,1.412,1.332,1.36,1.272,1.413,1.367,1.395,1.372,1.383,1.406,1.375,1.403,1.462,1.517,1.476,1.404,1.367,1.498,1.62,3.29,3.528,4.006,2.387,2.947,2.924,2.831
datastructure,WB.DATA360:DS_DATA360(1.3),I,A,SST,WB_WDI_SL_UEM_TOTL_ZS,_T,_T,_T,PT_LF,_Z,_Z,_Z,_Z,RATIO,2,WB_WDI,P1Y,0,A,PU,Annual,Small states,"Unemployment, total (% of total labor force) (modeled ILO estimate)",Total,All age ranges or no breakdown by age,Total,Percentage of labor force,Not Applicable,Not Applicable,Not Applicable,Not Applicable,Ratio,Two,World Development Indicators (WDI),Annual,Units,Normal value,Public,9.560634047177492,10.138175676572049,10.657582113090246,10.587226599252757,10.471089647661277,10.391166752184366,10.337837085903951,10.091311873219086,10.407376920822923,10.422007049730384,10.239324324886368,9.846885768340238,10.150783838245053,9.799470382369487,9.589226969455742,8.740416788865636,8.208290159725951,8.002437127986488,9.493830063467286,9.640925063445161,9.252750157492162,9.314069630859834,9.427890361060172,9.170195431518954,8.783915044259517,8.667400534051554,8.327781276326226,8.106898549994941,7.75168865751208,9.204994204653309,8.826760596473685,8.216470806887411,7.66141080204045,7.680676104215837,7.758500832022628
datastructure,WB.DATA360:DS_DATA360(1.3),I,A,MEA,WB_WDI_SL_UEM_TOTL_ZS,_T,_T,_T,PT_LF,_Z,_Z,_Z,_Z,RATIO,2,WB_WDI,P1Y,0,A,PU,Annual,"Middle East, North Africa, Afghanistan & Pakistan","Unemployment, total (% of total labor force) (modeled ILO estimate)",Total,All age ranges or no breakdown by age,Total,Percentage of labor force,Not Applicable,Not Applicable,Not Applicable,Not Applicable,Ratio,Two,World Development Indicators (WDI),Annual,Units,Normal value,Public,7.963258563912273,8.071963821770593,8.528749797456856,8.521597464777892,8.746232164289006,7.966571311902781,7.7768195015575365,7.862151259685085,8.104731328453086,8.416938536867203,8.429436692020001,8.489142003092216,8.303000373053234,7.547763065709014,7.657602826069482,7.221088012513142,6.820704104119818,6.583865514525085,6.714048443641565,6.856750505598723,7.2345210580990615,8.347668266139648,7.929750200587051,7.645198594274811,8.364989332866575,8.075114670930896,8.5198428948238,8.535356379689985,8.330829678416489,9.148193093233628,9.003666115624931,8.23898776216766,7.792721918344789,7.840187737289469,7.7820547974295735
datastructure,WB.DATA360:DS_DATA360(1.3),I,A,BEN,WB_WDI_SL_UEM_TOTL_ZS,_T,_T,_T,PT_LF,_Z,_Z,_Z,_Z,RATIO,2,WB_WDI,P1Y,0,A,PU,Annual,Benin,"Unemployment, total (% of total labor force) (modeled ILO estimate)",Total,All age ranges or no breakdown by age,Total,Percentage of labor force,Not Applicable,Not Applicable,Not Applicable,Not Applicable,Ratio,Two,World Development Indicators (WDI),Annual,Units,Normal value,Public,1.637,1.51,1.494,1.453,1.305,1.246,1.1,1.048,0.949,0.864,0.766,0.69,0.747,0.79,0.859,0.888,0.902,0.895,0.95,1.04,2.647,2.458,2.198,1.952,1.886,1.834,1.691,1.426,1.214,1.518,1.833,1.685,1.641,1.637,1.589
datastructure,WB.DATA360:DS_DATA360(1.3),I,A,UKR,WB_WDI_SL_UEM_TOTL_ZS,_T,_T,_T,PT_LF,_Z,_Z,_Z,_Z,RATIO,2,WB_WDI,P1Y,0,A,PU,Annual,Ukraine,"Unemployment, total (% of total labor force) (modeled ILO estimate)",Total,All age ranges or no breakdown by age,Total,Percentage of labor force,Not Applicable,Not Applicable,Not Applicable,Not Applicable,Ratio,Two,World Development Indicators (WDI),Annual,Units,Normal value,Public,1.9,1.9,2.0,2.0,5.62,7.65,8.93,11.32,11.864,11.707,11.061,10.136,9.057,8.59,7.18,6.81,6.351,6.363,8.84,8.1,7.851,7.529,7.17,9.27,9.14,9.35,9.5,8.799,8.194,9.475,9.834,,,,
datastructure,WB.DATA360:DS_DATA360(1.3),I,A,CMR,WB_WDI_SL_UEM_TOTL_ZS,_T,_T,_T,PT_LF,_Z,_Z,_Z,_Z,RATIO,2,WB_WDI,P1Y,0,A,PU,Annual,Cameroon,"Unemployment, total (% of total labor force) (modeled ILO estimate)",Total,All age ranges or no breakdown by age,Total,Percentage of labor force,Not Applicable,Not Applicable,Not Applicable,Not Applicable,Ratio,Two,World Development Indicators (WDI),Annual,Units,Normal value,Public,8.986,9.055,9.154,8.878,8.598,8.06,7.859,7.695,7.595,7.533,7.46,6.711,5.908,5.087,4.4,3.729,3.063,3.386,3.743,4.11,3.988,3.836,3.686,3.534,3.518,3.529,3.573,3.608,3.632,3.881,3.976,3.646,3.607,3.603,3.602
datastructure,WB.DATA360:DS_DATA360(1.3),I,A,PHL,WB_WDI_SL_UEM_TOTL_ZS,_T,_T,_T,PT_LF,_Z,_Z,_Z,_Z,RATIO,2,WB_WDI,P1Y,0,A,PU,Annual,Philippines,"Unemployment, total (% of total labor force) (modeled ILO estimate)",Total,All age ranges or no breakdown by age,Total,Percentage of labor force,Not Applicable,Not Applicable,Not Applicable,Not Applicable,Ratio,Two,World Development Indicators (WDI),Annual,Units,Normal value,Public,3.727,3.849,3.869,3.767,3.68,3.607,3.592,3.697,3.751,3.77,3.698,3.616,3.527,3.554,3.795,4.052,3.434,3.72,3.858,3.605,3.592,3.504,3.497,3.6,3.068,2.695,2.552,2.338,2.237,2.522,3.398,2.598,2.2,2.202,2.235
datastructure,WB.DATA360:DS_DATA360(1.3),I,A,SSD,WB_WDI_SL_UEM_TOTL_ZS,_T,_T,_T,PT_LF,_Z,_Z,_Z,_Z,RATIO,2,WB_WDI,P1Y,0,A,PU,Annual,South Sudan,"Unemployment, total (% of total labor force) (modeled ILO estimate)",Total,All age ranges or no breakdown by age,Total,Percentage of labor force,Not Applicable,Not Applicable,Not Applicable,Not Applicable,Ratio,Two,World Development Indicators (WDI),Annual,Units,Normal value,Public,12.334,12.374,12.233,12.326,12.334,12.314,12.068,12.095,12.138,12.309,12.278,12.235,12.234,12.256,12.266,12.268,12.266,12.298,12.438,12.473,12.585,12.803,12.665,12.561,12.464,12.854,12.983,12.853,12.656,14.246,13.95,12.475,12.374,,
datastructure,WB.DATA360:DS_DATA360(1.3),I,A,NAM,WB_WDI_SL_UEM_TOTL_ZS,_T,_T,_T,PT_LF,_Z,_Z,_Z,_Z,RATIO,2,WB_WDI,P1Y,0,A,PU,Annual,Namibia,"Unemployment, total (% of total labor force) (modeled ILO estimate)",Total,All age ranges or no breakdown by age,Total,Percentage of labor force,Not Applicable,Not Applicable,Not Applicable,Not Applicable,Ratio,Two,World Development Indicators (WDI),Annual,Units,Normal value,Public,19.14,18.896,19.078,19.4,21.34,22.844,24.45,23.083,21.668,20.3,21.009,21.538,22.104,22.09,22.108,21.848,22.12,22.005,22.271,22.12,19.481,16.771,19.028,18.521,20.791,23.352,21.748,19.877,19.929,21.003,20.931,19.615,19.154,19.157,19.291
datastructure,WB.DATA360:DS_DATA360(1.3),I,A,CRI,WB_WDI_SL_UEM_TOTL_ZS,_T,_T,_T,PT_LF,_Z,_Z,_Z,_Z,RATIO,2,WB_WDI,P1Y,0,A,PU,Annual,Costa Rica,"Unemployment, total (% of total labor force) (modeled ILO estimate)",Total,All age ranges or no breakdown by age,Total,Percentage of labor force,Not Applicable,Not Applicable,Not Applicable,Not Applicable,Ratio,Two,World Development Indicators (WDI),Annual,Units,Normal value,Public,5.37,3.93,3.95,4.05,5.18,6.16,5.68,5.33,5.9,5.08,6.051,6.396,6.654,6.445,6.749,5.926,4.557,4.934,7.824,7.171,9.518,9.11,8.218,8.499,8.415,8.085,7.729,9.01,10.807,16.432,15.139,11.325,8.325,6.936,6.843
datastructure,WB.DATA360:DS_DATA360(1.3),I,A,BIH,WB_WDI_SL_UEM_TOTL_ZS,_T,_T,_T,PT_LF,_Z,_Z,_Z,_Z,RATIO,2,WB_WDI,P1Y,0,A,PU,Annual,Bosnia and Herzegovina,"Unemployment, total (% of total labor force) (modeled ILO estimate)",Total,All age ranges or no breakdown by age,Total,Percentage of labor force,Not Applicable,Not Applicable,Not Applicable,Not Applicable,Ratio,Two,World Development Indicators (WDI),Annual,Units,Normal value,Public,17.55,18.477,19.408,20.17,20.944,21.682,22.586,23.494,24.441,25.446,26.485,27.477,28.424,29.279,30.218,31.11,28.984,23.405,24.068,27.312,27.582,28.01,27.49,27.517,27.695,25.408,20.527,18.4,15.692,15.868,14.897,12.657,10.668,10.69,11.037
datastructure,WB.DATA360:DS_DATA360(1.3),I,A,PER,WB_WDI_SL_UEM_TOTL_ZS,_T,_T,_T,PT_LF,_Z,_Z,_Z,_Z,RATIO,2,WB_WDI,P1Y,0,A,PU,Annual,Peru,"Unemployment, total (% of total labor force) (modeled ILO estimate)",Total,All age ranges or no breakdown by age,Total,Percentage of labor force,Not Applicable,Not Applicable,Not Applicable,Not Applicable,Ratio,Two,World Development Indicators (WDI),Annual,Units,Normal value,Public,4.926,5.068,4.795,4.491,4.708,4.929,4.762,5.099,5.011,4.959,5.068,4.84,4.15,4.71,4.87,4.17,4.08,4.03,3.96,3.6,3.477,3.238,3.575,3.208,3.272,3.741,3.691,3.492,3.379,7.179,5.097,4.291,4.899,5.199,5.117
datastructure,WB.DATA360:DS_DATA360(1.3),I,A,VEN,WB_WDI_SL_UEM_TOTL_ZS,_T,_T,_T,PT_LF,_Z,_Z,_Z,_Z,RATIO,2,WB_WDI,P1Y,0,A,PU,Annual,"Venezuela, RB","Unemployment, total (% of total labor force) (modeled ILO estimate)",Total,All age ranges or no breakdown by age,Total,Percentage of labor force,Not Applicable,Not Applicable,Not Applicable,Not Applicable,Ratio,Two,World Development Indicators (WDI),Annual,Units,Normal value,Public,9.45,7.69,6.6,8.56,10.24,11.77,11.16,11.15,14.53,13.99,13.04,16.17,16.78,15.07,10.663,8.606,7.279,6.245,6.097,7.112,6.902,6.601,7.54,6.821,6.139,5.319,5.045,5.468,5.89,7.53,7.027,5.646,5.407,5.321,5.307
datastructure,WB.DATA360:DS_DATA360(1.3),I,A,LKA,WB_WDI_SL_UEM_TOTL_ZS,_T,_T,_T,PT_LF,_Z,_Z,_Z,_Z,RATIO,2,WB_WDI,P1Y,0,A,PU,Annual,Sri Lanka,"Unemployment, total (% of total labor force) (modeled ILO estimate)",Total,All age ranges or no breakdown by age,Total,Percentage of labor force,Not Applicable,Not Applicable,Not Applicable,Not Applicable,Ratio,Two,World Development Indicators (WDI),Annual,Units,Normal value,Public,14.661,14.22,13.82,13.03,12.27,11.35,10.6,9.17,8.88,7.74,7.9,8.76,8.22,8.38,7.67,6.5,5.97,5.22,5.85,4.784,4.118,3.88,4.186,4.157,4.519,4.242,4.046,4.318,4.67,5.364,4.981,4.528,4.528,4.239,4.005
datastructure,WB.DATA360:DS_DATA360(1.3),I,A,AZE,WB_WDI_SL_UEM_TOTL_ZS,_T,_T,_T,PT_LF,_Z,_Z,_Z,_Z,RATIO,2,WB_WDI,P1Y,0,A,PU,Annual,Azerbaijan,"Unemployment, total (% of total labor force) (modeled ILO estimate)",Total,All age ranges or no breakdown by age,Total,Percentage of labor force,Not Applicable,Not Applicable,Not Applicable,Not Applicable,Ratio,Two,World Development Indicators (WDI),Annual,Units,Normal value,Public,0.9,1.8,4.5,6.3,7.2,8.1,9.1,10.0,10.9,11.78,10.91,10.04,9.17,7.99,7.26,6.62,6.33,5.86,5.74,5.63,5.42,5.19,4.97,4.91,4.96,5.0,5.0,4.9,5.0,7.24,6.04,5.65,5.64,5.648,5.457
datastructure,WB.DATA360:DS_DATA360(1.3),I,A,DJI,WB_WDI_SL_UEM_TOTL_ZS,_T,_T,_T,PT_LF,_Z,_Z,_Z,_Z,RATIO,2,WB_WDI,P1Y,0,A,PU,Annual,Djibouti,"Unemployment, total (% of total labor force) (modeled ILO estimate)",Total,All age ranges or no breakdown by age,Total,Percentage of labor force,Not Applicable,Not Applicable,Not Applicable,Not Applicable,Ratio,Two,World Development Indicators (WDI),Annual,Units,Normal value,Public,26.118,26.457,27.253,27.118,27.303,27.172,27.176,27.027,26.742,26.664,26.597,26.589,26.484,26.441,26.448,26.382,26.292,26.183,26.325,26.368,26.31,26.179,26.149,26.16,26.063,25.982,26.064,26.18,26.257,27.701,27.628,26.272,26.074,26.007,26.015
datastructure,WB.DATA360:DS_DATA360(1.3),I,A,TZA,WB_WDI_SL_UEM_TOTL_ZS,_T,_T,_T,PT_LF,_Z,_Z,_Z,_Z,RATIO,2,WB_WDI,P1Y,0,A,PU,Annual,Tanzania,"Unemployment, total (% of total labor force) (modeled ILO estimate)",Total,All age ranges or no breakdown by age,Total,Percentage of labor force,Not Applicable,Not Applicable,Not Applicable,Not Applicable,Ratio,Two,World Development Indicators (WDI),Annual,Units,Normal value,Public,3.6,3.683,3.892,3.861,3.672,3.475,3.342,3.283,3.219,3.129,2.994,3.023,3.053,3.105,3.193,3.299,3.023,2.775,2.5,3.03,3.47,3.223,2.93,2.125,2.009,1.931,1.854,1.792,1.735,1.792,1.876,1.573,1.565,1.557,1.572
datastructure,WB.DATA360:DS_DATA360(1.3),I,A,HPC,WB_WDI_SL_UEM_TOTL_ZS,_T,_T,_T,PT_LF,_Z,_Z,_Z,_Z,RATIO,2,WB_WDI,P1Y,0,A,PU,Annual,Heavily indebted poor countries (HIPC),"Unemployment, total (% of total labor force) (modeled ILO estimate)",Total,All age ranges or no breakdown by age,Total,Percentage of labor force,Not Applicable,Not Applicable,Not Applicable,Not Applicable,Ratio,Two,World Development Indicators (WDI),Annual,Units,Normal value,Public,5.121447857172801,5.231417416026948,5.226752034353765,5.168268846481053,4.9841903656632685,4.952929408067011,4.887197277767264,4.953154157350274,5.097956961087934,5.141545086276936,5.071106136213084,5.039036198963953,4.991780217998511,4.851364888791864,4.689222890727755,4.596428168988173,4.545061365890778,4.5262370792047,4.57407582008614,4.785714281202537,4.745350459970511,4.560949007909476,4.278578967991282,4.290078361089811,4.420986755475238,4.361887598810319,4.3692008830338125,4.334102569857733,4.328986522846805,5.02089641432522,4.937151770731332,4.433730728259942,4.1991003938882745,4.1513349312603,4.1430435602599704
datastructure,WB.DATA360:DS_DATA360(1.3),I,A,IDB,WB_WDI_SL_UEM_TOTL_ZS,_T,_T,_T,PT_LF,_Z,_Z,_Z,_Z,RATIO,2,WB_WDI,P1Y,0,A,PU,Annual,IDA blend,"Unemployment, total (% of total labor force) (modeled ILO estimate)",Total,All age ranges or no breakdown by age,Total,Percentage of labor force,Not Applicable,Not Applicable,Not Applicable,Not Applicable,Ratio,Two,World Development Indicators (WDI),Annual,Units,Normal value,Public,3.2394554356459464,3.3110634206564415,3.5302491644705634,3.655439503972926,3.694035383538329,3.796892392495625,3.7745545323958076,3.891847629408285,3.9143473081413878,3.8233359236445073,3.7288219491970627,3.5394609649147393,3.422175726760542,3.2769558696482552,3.2286448044491003,3.1359425232921865,3.012497836558687,3.0437800282046634,3.098530980892525,3.1432040202691356,3.1953320335885325,4.084860216777511,3.7043302988619256,3.3801313878636026,4.002153220099352,3.731375423580322,4.348512543458942,4.762754398355446,5.080407021385598,5.7941527884465085,5.813781237264998,4.744565346731096,4.369582575243959,4.439498090130881,4.4271582595452195
datastructure,WB.DATA360:DS_DATA360(1.3),I,A,SWZ,WB_WDI_SL_UEM_TOTL_ZS,_T,_T,_T,PT_LF,_Z,_Z,_Z,_Z,RATIO,2,WB_WDI,P1Y,0,A,PU,Annual,Eswatini,"Unemployment, total (% of total labor force) (modeled ILO estimate)",Total,All age ranges or no breakdown by age,Total,Percentage of labor force,Not Applicable,Not Applicable,Not Applicable,Not Applicable,Ratio,Two,World Development Indicators (WDI),Annual,Units,Normal value,Public,20.521,20.947,21.76,21.726,21.65,22.074,22.5,23.214,23.868,24.547,25.24,25.771,26.259,26.716,27.221,27.693,28.24,27.891,27.488,26.856,26.105,25.226,24.556,23.931,23.431,22.718,24.543,26.471,28.222,32.978,34.153,36.472,34.61,34.643,34.202
datastructure,WB.DATA360:DS_DATA360(1.3),I,A,IDX,WB_WDI_SL_UEM_TOTL_ZS,_T,_T,_T,PT_LF,_Z,_Z,_Z,_Z,RATIO,2,WB_WDI,P1Y,0,A,PU,Annual,IDA only,"Unemployment, total (% of total labor force) (modeled ILO estimate)",Total,All age ranges or no breakdown by age,Total,Percentage of labor force,Not Applicable,Not Applicable,Not Applicable,Not Applicable,Ratio,Two,World Development Indicators (WDI),Annual,Units,Normal value,Public,4.553836615391299,4.604538959234901,4.631004595821081,4.6083578022978795,4.507861969996949,4.50463277928782,4.48812474892138,4.553062815542563,4.680799619397336,4.732874885474039,4.775291060405071,4.849336684160534,4.868837827669024,4.785952436075802,4.6516678563647975,4.464102909069528,4.507525441507328,4.604395486034952,4.680667893712297,4.543221235867625,4.57016379793951,4.575273500486463,4.510237197588884,4.5388519399551726,4.665167076954119,4.656497931851756,4.630105945479806,4.576030950214923,4.587159035926762,5.368835400585055,5.475821187464502,4.845750362373723,4.475489952385309,4.396736941944899,4.430732406877913
datastructure,WB.DATA360:DS_DATA360(1.3),I,A,POL,WB_WDI_SL_UEM_TOTL_ZS,_T,_T,_T,PT_LF,_Z,_Z,_Z,_Z,RATIO,2,WB_WDI,P1Y,0,A,PU,Annual,Poland,"Unemployment, total (% of total labor force) (modeled ILO estimate)",Total,All age ranges or no breakdown by age,Total,Percentage of labor force,Not Applicable,Not Applicable,Not Applicable,Not Applicable,Ratio,Two,World Development Indicators (WDI),Annual,Units,Normal value,Public,13.621,13.645,14.393,14.825,13.695,12.684,10.964,9.935,12.29,14.928,18.435,20.211,19.899,18.822,17.592,13.794,9.551,7.069,8.131,9.578,9.576,10.031,10.293,8.971,7.475,6.141,4.867,3.835,3.267,3.155,3.268,2.811,2.743,2.807,2.976
datastructure,WB.DATA360:DS_DATA360(1.3),I,A,GTM,WB_WDI_SL_UEM_TOTL_ZS,_T,_T,_T,PT_LF,_Z,_Z,_Z,_Z,RATIO,2,WB_WDI,P1Y,0,A,PU,Annual,Guatemala,"Unemployment, total (% of total labor force) (modeled ILO estimate)",Total,All age ranges or no breakdown by age,Total,Percentage of labor force,Not Applicable,Not Applicable,Not Applicable,Not Applicable,Ratio,Two,World Development Indicators (WDI),Annual,Units,Normal value,Public,2.197,2.163,2.133,2.12,2.117,2.156,2.145,2.145,2.113,2.143,2.251,2.254,2.807,2.971,3.059,2.96,2.847,2.898,3.22,3.497,3.169,2.765,3.017,2.717,2.506,2.583,2.462,2.283,2.193,2.965,2.174,3.051,2.344,2.613,2.604
datastructure,WB.DATA360:DS_DATA360(1.3),I,A,COM,WB_WDI_SL_UEM_TOTL_ZS,_T,_T,_T,PT_LF,_Z,_Z,_Z,_Z,RATIO,2,WB_WDI,P1Y,0,A,PU,Annual,Comoros,"Unemployment, total (% of total labor force) (modeled ILO estimate)",Total,All age ranges or no breakdown by age,Total,Percentage of labor force,Not Applicable,Not Applicable,Not Applicable,Not Applicable,Ratio,Two,World Development Indicators (WDI),Annual,Units,Normal value,Public,4.795,4.528,4.571,4.566,4.675,4.774,4.561,4.614,4.544,4.4,4.379,4.372,4.559,4.571,4.527,4.482,4.474,4.416,4.303,4.19,4.12,4.091,3.98,3.984,4.031,4.117,4.049,3.975,3.926,4.468,4.394,3.879,3.833,3.815,3.819
datastructure,WB.DATA360:DS_DATA360(1.3),I,A,LTE,WB_WDI_SL_UEM_TOTL_ZS,_T,_T,_T,PT_LF,_Z,_Z,_Z,_Z,RATIO,2,WB_WDI,P1Y,0,A,PU,Annual,Late-demographic dividend,"Unemployment, total (% of total labor force) (modeled ILO estimate)",Total,All age ranges or no breakdown by age,Total,Percentage of labor force,Not Applicable,Not Applicable,Not Applicable,Not Applicable,Ratio,Two,World Development Indicators (WDI),Annual,Units,Normal value,Public,3.6602322328608627,3.674999734751623,3.8885537341419116,4.300632757968756,4.475317180270355,4.676370187002308,4.946687084181508,5.217102493676878,5.4707305770275045,5.294850344562257,5.4790791478306256,5.665632351649843,5.902435415246351,5.708455782701205,5.631252104774983,5.380978263806053,5.11709007503548,5.1486799044876355,5.577854282996678,5.25181815855478,5.119220218042177,5.029382181645127,5.0109735160756514,4.938872595864776,5.111399442352914,5.2806539060793956,5.270385448333343,5.050060298080316,5.19591640696366,5.931537625066365,5.505384713551817,5.193421733541418,4.795456897896999,4.5975011708305304,4.498335471205063
datastructure,WB.DATA360:DS_DATA360(1.3),I,A,YEM,WB_WDI_SL_UEM_TOTL_ZS,_T,_T,_T,PT_LF,_Z,_Z,_Z,_Z,RATIO,2,WB_WDI,P1Y,0,A,PU,Annual,"Yemen, Rep.","Unemployment, total (% of total labor force) (modeled ILO estimate)",Total,All age ranges or no breakdown by age,Total,Percentage of labor force,Not Applicable,Not Applicable,Not Applicable,Not Applicable,Ratio,Two,World Development Indicators (WDI),Annual,Units,Normal value,Public,8.428,8.351,8.343,8.34,8.988,9.585,10.223,10.828,11.46,11.557,11.724,11.839,12.014,12.131,12.213,12.349,12.486,12.656,12.762,12.777,13.311,13.473,13.673,13.467,17.9,18.42,18.611,17.593,17.213,17.963,18.312,17.224,16.944,16.97,17.322
datastructure,WB.DATA360:DS_DATA360(1.3),I,A,SVN,WB_WDI_SL_UEM_TOTL_ZS,_T,_T,_T,PT_LF,_Z,_Z,_Z,_Z,RATIO,2,WB_WDI,P1Y,0,A,PU,Annual,Slovenia,"Unemployment, total (% of total labor force) (modeled ILO estimate)",Total,All age ranges or no breakdown by age,Total,Percentage of labor force,Not Applicable,Not Applicable,Not Applicable,Not Applicable,Ratio,Two,World Development Indicators (WDI),Annual,Units,Normal value,Public,7.08,7.83,8.51,8.24,7.15,6.879,6.648,7.39,7.324,6.918,5.682,5.922,6.479,6.012,6.506,5.95,4.818,4.371,5.858,7.236,8.166,8.841,10.103,9.668,8.962,8.0,6.564,5.108,4.446,4.971,4.744,4.011,3.652,3.7,3.175
datastructure,WB.DATA360:DS_DATA360(1.3),I,A,LCN,WB_WDI_SL_UEM_TOTL_ZS,_T,_T,_T,PT_LF,_Z,_Z,_Z,_Z,RATIO,2,WB_WDI,P1Y,0,A,PU,Annual,Latin America & Caribbean,"Unemployment, total (% of total labor force) (modeled ILO estimate)",Total,All age ranges or no breakdown by age,Total,Percentage of labor force,Not Applicable,Not Applicable,Not Applicable,Not Applicable,Ratio,Two,World Development Indicators (WDI),Annual,Units,Normal value,Public,6.309957485503059,6.303853699256437,6.071341086813922,6.677800652792133,7.904868046769919,8.29119463249977,8.140113232574837,8.486261824100882,9.427017029157785,9.4445224692252,9.049756534541066,9.387906626486064,9.256618696575053,8.750182434212922,8.237399513947427,7.614136002332041,7.226304904845124,6.839210321973092,7.814787150321839,7.218267565215454,6.715345662850681,6.4211829224046335,6.378565945642847,6.183106138998915,6.676958913865193,7.736824688774752,8.028206127059319,7.933319844608494,8.000614676729468,10.214072797584995,9.144684123131572,6.93153207639263,6.192547547862985,5.869432898320191,5.459076910120211
datastructure,WB.DATA360:DS_DATA360(1.3),I,A,CHN,WB_WDI_SL_UEM_TOTL_ZS,_T,_T,_T,PT_LF,_Z,_Z,_Z,_Z,RATIO,2,WB_WDI,P1Y,0,A,PU,Annual,China,"Unemployment, total (% of total labor force) (modeled ILO estimate)",Total,All age ranges or no breakdown by age,Total,Percentage of labor force,Not Applicable,Not Applicable,Not Applicable,Not Applicable,Ratio,Two,World Development Indicators (WDI),Annual,Units,Normal value,Public,2.37,2.37,2.69,2.9,3.0,3.12,3.23,3.24,3.25,3.26,3.8,4.24,4.58,4.49,4.52,4.43,4.35,4.59,4.72,4.53,4.55,4.58,4.6,4.63,4.65,4.56,4.47,4.31,4.56,5.0,4.55,4.98,4.67,4.59,4.615
datastructure,WB.DATA360:DS_DATA360(1.3),I,A,AUS,WB_WDI_SL_UEM_TOTL_ZS,_T,_T,_T,PT_LF,_Z,_Z,_Z,_Z,RATIO,2,WB_WDI,P1Y,0,A,PU,Annual,Australia,"Unemployment, total (% of total labor force) (modeled ILO estimate)",Total,All age ranges or no breakdown by age,Total,Percentage of labor force,Not Applicable,Not Applicable,Not Applicable,Not Applicable,Ratio,Two,World Development Indicators (WDI),Annual,Units,Normal value,Public,9.586,10.733,10.879,9.724,8.473,8.509,8.367,7.684,6.876,6.288,6.747,6.375,5.933,5.399,5.036,4.785,4.381,4.242,5.565,5.214,5.083,5.225,5.663,6.078,6.055,5.711,5.592,5.345,5.143,6.394,5.022,3.728,3.668,3.942,4.09
datastructure,WB.DATA360:DS_DATA360(1.3),I,A,ETH,WB_WDI_SL_UEM_TOTL_ZS,_T,_T,_T,PT_LF,_Z,_Z,_Z,_Z,RATIO,2,WB_WDI,P1Y,0,A,PU,Annual,Ethiopia,"Unemployment, total (% of total labor force) (modeled ILO estimate)",Total,All age ranges or no breakdown by age,Total,Percentage of labor force,Not Applicable,Not Applicable,Not Applicable,Not Applicable,Ratio,Two,World Development Indicators (WDI),Annual,Units,Normal value,Public,3.284,3.416,3.252,3.1,3.005,3.121,3.227,3.481,3.714,3.499,3.16,3.054,3.008,2.776,2.497,2.337,2.337,2.326,2.326,2.295,2.27,2.252,2.251,2.361,2.442,2.556,2.665,2.811,2.928,3.998,3.935,3.386,3.375,3.357,3.323
datastructure,WB.DATA360:DS_DATA360(1.3),I,A,HUN,WB_WDI_SL_UEM_TOTL_ZS,_T,_T,_T,PT_LF,_Z,_Z,_Z,_Z,RATIO,2,WB_WDI,P1Y,0,A,PU,Annual,Hungary,"Unemployment, total (% of total labor force) (modeled ILO estimate)",Total,All age ranges or no breakdown by age,Total,Percentage of labor force,Not Applicable,Not Applicable,Not Applicable,Not Applicable,Ratio,Two,World Development Indicators (WDI),Annual,Units,Normal value,Public,8.5,9.942,12.098,10.847,10.168,10.022,8.991,8.925,6.929,6.563,5.671,5.608,5.79,5.832,7.189,7.494,7.406,7.817,10.03,11.172,11.029,11.003,10.177,7.725,6.813,5.115,4.156,3.667,3.411,4.248,4.021,3.583,4.096,4.5,4.521
datastructure,WB.DATA360:DS_DATA360(1.3),I,A,BGD,WB_WDI_SL_UEM_TOTL_ZS,_T,_T,_T,PT_LF,_Z,_Z,_Z,_Z,RATIO,2,WB_WDI,P1Y,0,A,PU,Annual,Bangladesh,"Unemployment, total (% of total labor force) (modeled ILO estimate)",Total,All age ranges or no breakdown by age,Total,Percentage of labor force,Not Applicable,Not Applicable,Not Applicable,Not Applicable,Ratio,Two,World Development Indicators (WDI),Annual,Units,Normal value,Public,2.2,2.233,2.31,2.37,2.441,2.51,2.698,2.893,3.088,3.27,3.609,3.966,4.32,4.316,4.25,3.591,4.015,4.49,5.0,3.379,3.737,4.07,4.426,4.417,4.397,4.35,4.372,4.439,4.504,5.539,5.457,4.593,3.352,3.635,3.778
datastructure,WB.DATA360:DS_DATA360(1.3),I,A,GRC,WB_WDI_SL_UEM_TOTL_ZS,_T,_T,_T,PT_LF,_Z,_Z,_Z,_Z,RATIO,2,WB_WDI,P1Y,0,A,PU,Annual,Greece,"Unemployment, total (% of total labor force) (modeled ILO estimate)",Total,All age ranges or no breakdown by age,Total,Percentage of labor force,Not Applicable,Not Applicable,Not Applicable,Not Applicable,Ratio,Two,World Development Indicators (WDI),Annual,Units,Normal value,Public,7.572,8.927,10.177,9.808,10.116,10.402,10.472,12.227,12.138,11.345,10.764,10.346,9.839,10.628,10.074,8.906,8.351,7.664,9.546,12.719,17.973,24.731,27.686,26.708,24.981,23.514,21.413,19.179,17.045,15.899,14.656,12.426,11.023,10.02,8.54
datastructure,WB.DATA360:DS_DATA360(1.3),I,A,LMC,WB_WDI_SL_UEM_TOTL_ZS,_T,_T,_T,PT_LF,_Z,_Z,_Z,_Z,RATIO,2,WB_WDI,P1Y,0,A,PU,Annual,Lower middle income,"Unemployment, total (% of total labor force) (modeled ILO estimate)",Total,All age ranges or no breakdown by age,Total,Percentage of labor force,Not Applicable,Not Applicable,Not Applicable,Not Applicable,Ratio,Two,World Development Indicators (WDI),Annual,Units,Normal value,Public,6.277638081082015,6.27342538151348,6.394809665617246,6.414003365944527,6.432280335125596,6.376007697621754,6.368949336285881,6.402447966858332,6.4878548114438725,6.510912305208359,6.503999273243726,6.5794022328079205,6.58965998612598,6.486294565825687,6.398140386930003,6.250641251138833,6.1604873702491005,6.1844876127106545,6.241997362729783,6.166081255229845,6.277315114833815,6.480390107234899,6.457046528629781,6.372321925808774,6.509596242685989,6.390255801436056,6.471188424225717,6.504682944810712,5.939733955320341,7.010284565054618,6.256596201345897,4.998275751244017,4.446380608492432,4.471505792454633,4.504343856058427
datastructure,WB.DATA360:DS_DATA360(1.3),I,A,VNM,WB_WDI_SL_UEM_TOTL_ZS,_T,_T,_T,PT_LF,_Z,_Z,_Z,_Z,RATIO,2,WB_WDI,P1Y,0,A,PU,Annual,Vietnam,"Unemployment, total (% of total labor force) (modeled ILO estimate)",Total,All age ranges or no breakdown by age,Total,Percentage of labor force,Not Applicable,Not Applicable,Not Applicable,Not Applicable,Ratio,Two,World Development Indicators (WDI),Annual,Units,Normal value,Public,2.14,2.109,2.037,1.972,1.955,1.93,2.87,2.29,2.33,2.26,2.76,2.12,2.25,2.14,2.078,2.046,2.026,1.889,1.737,1.114,0.999,1.027,1.316,1.256,1.848,1.848,1.874,1.161,1.681,2.103,2.383,1.57,1.645,1.602,1.523
datastructure,WB.DATA360:DS_DATA360(1.3),I,A,IRL,WB_WDI_SL_UEM_TOTL_ZS,_T,_T,_T,PT_LF,_Z,_Z,_Z,_Z,RATIO,2,WB_WDI,P1Y,0,A,PU,Annual,Ireland,"Unemployment, total (% of total labor force) (modeled ILO estimate)",Total,All age ranges or no breakdown by age,Total,Percentage of labor force,Not Applicable,Not Applicable,Not Applicable,Not Applicable,Ratio,Two,World Development Indicators (WDI),Annual,Units,Normal value,Public,15.771,15.021,15.571,14.544,11.97,11.692,10.191,7.699,5.804,4.318,3.684,4.216,4.478,4.491,4.237,4.355,4.98,6.774,12.609,14.534,15.354,15.451,13.735,11.858,9.908,8.374,6.713,5.741,4.95,5.623,6.357,4.465,4.243,4.3,4.632
datastructure,WB.DATA360:DS_DATA360(1.3),I,A,SOM,WB_WDI_SL_UEM_TOTL_ZS,_T,_T,_T,PT_LF,_Z,_Z,_Z,_Z,RATIO,2,WB_WDI,P1Y,0,A,PU,Annual,"Somalia, Federal Republic of","Unemployment, total (% of total labor force) (modeled ILO estimate)",Total,All age ranges or no breakdown by age,Total,Percentage of labor force,Not Applicable,Not Applicable,Not Applicable,Not Applicable,Ratio,Two,World Development Indicators (WDI),Annual,Units,Normal value,Public,19.003,19.377,19.331,19.971,19.585,19.463,18.899,18.825,18.847,18.678,18.665,18.658,18.648,18.653,18.671,18.705,18.687,18.714,18.724,18.741,18.761,18.771,18.655,18.595,18.495,18.611,18.455,18.7,18.828,19.414,19.662,19.112,18.96,18.949,18.948
datastructure,WB.DATA360:DS_DATA360(1.3),I,A,CZE,WB_WDI_SL_UEM_TOTL_ZS,_T,_T,_T,PT_LF,_Z,_Z,_Z,_Z,RATIO,2,WB_WDI,P1Y,0,A,PU,Annual,Czechia,"Unemployment, total (% of total labor force) (modeled ILO estimate)",Total,All age ranges or no breakdown by age,Total,Percentage of labor force,Not Applicable,Not Applicable,Not Applicable,Not Applicable,Ratio,Two,World Development Indicators (WDI),Annual,Units,Normal value,Public,2.27,2.6,4.349,4.284,4.082,3.852,4.674,6.455,8.702,8.764,8.128,7.28,7.777,8.298,7.927,7.141,5.316,4.392,6.662,7.281,6.712,6.979,6.953,6.108,5.048,3.952,2.893,2.246,2.015,2.55,2.803,2.224,2.579,2.6,2.825
datastructure,WB.DATA360:DS_DATA360(1.3),I,A,PRI,WB_WDI_SL_UEM_TOTL_ZS,_T,_T,_T,PT_LF,_Z,_Z,_Z,_Z,RATIO,2,WB_WDI,P1Y,0,A,PU,Annual,Puerto Rico,"Unemployment, total (% of total labor force) (modeled ILO estimate)",Total,All age ranges or no breakdown by age,Total,Percentage of labor force,Not Applicable,Not Applicable,Not Applicable,Not Applicable,Ratio,Two,World Development Indicators (WDI),Annual,Units,Normal value,Public,16.18,16.93,16.91,14.6,13.93,13.64,13.8,13.46,11.81,10.08,11.4,11.94,11.78,10.31,11.35,11.01,10.93,11.48,15.0,16.1,15.7,14.5,14.3,13.9,12.0,11.8,10.8,9.2,8.3,8.89,7.9,6.0,5.725,5.639,5.991
datastructure,WB.DATA360:DS_DATA360(1.3),I,A,GAB,WB_WDI_SL_UEM_TOTL_ZS,_T,_T,_T,PT_LF,_Z,_Z,_Z,_Z,RATIO,2,WB_WDI,P1Y,0,A,PU,Annual,Gabon,"Unemployment, total (% of total labor force) (modeled ILO estimate)",Total,All age ranges or no breakdown by age,Total,Percentage of labor force,Not Applicable,Not Applicable,Not Applicable,Not Applicable,Ratio,Two,World Development Indicators (WDI),Annual,Units,Normal value,Public,17.224,17.716,17.78,17.804,17.388,17.325,17.166,17.152,17.599,17.848,17.827,17.376,17.126,17.108,16.91,17.805,18.257,19.212,19.76,20.39,19.895,19.661,19.736,19.873,19.943,20.117,20.307,20.459,20.371,21.279,21.223,20.319,20.161,20.091,20.154
datastructure,WB.DATA360:DS_DATA360(1.3),I,A,BRN,WB_WDI_SL_UEM_TOTL_ZS,_T,_T,_T,PT_LF,_Z,_Z,_Z,_Z,RATIO,2,WB_WDI,P1Y,0,A,PU,Annual,Brunei Darussalam,"Unemployment, total (% of total labor force) (modeled ILO estimate)",Total,All age ranges or no breakdown by age,Total,Percentage of labor force,Not Applicable,Not Applicable,Not Applicable,Not Applicable,Ratio,Two,World Development Indicators (WDI),Annual,Units,Normal value,Public,4.7,4.791,4.903,5.007,5.066,5.153,5.204,5.356,5.415,5.53,5.558,5.652,5.743,5.847,5.973,6.061,6.187,6.312,6.457,6.487,6.506,6.571,6.709,6.862,7.703,8.537,9.316,8.7,6.6,7.409,4.905,5.191,5.296,5.18,5.277
datastructure,WB.DATA360:DS_DATA360(1.3),I,A,EST,WB_WDI_SL_UEM_TOTL_ZS,_T,_T,_T,PT_LF,_Z,_Z,_Z,_Z,RATIO,2,WB_WDI,P1Y,0,A,PU,Annual,Estonia,"Unemployment, total (% of total labor force) (modeled ILO estimate)",Total,All age ranges or no breakdown by age,Total,Percentage of labor force,Not Applicable,Not Applicable,Not Applicable,Not Applicable,Ratio,Two,World Development Indicators (WDI),Annual,Units,Normal value,Public,1.468,3.681,6.544,7.561,9.659,9.915,10.369,9.51,11.573,13.36,13.134,10.026,11.288,10.248,8.033,5.915,4.592,5.455,13.548,16.707,12.328,10.021,8.631,7.352,6.412,6.882,5.807,5.412,4.514,6.956,6.178,5.571,6.378,7.6,8.313
datastructure,WB.DATA360:DS_DATA360(1.3),I,A,AFE,WB_WDI_SL_UEM_TOTL_ZS,_T,_T,_T,PT_LF,_Z,_Z,_Z,_Z,RATIO,2,WB_WDI,P1Y,0,A,PU,Annual,Africa Eastern and Southern,"Unemployment, total (% of total labor force) (modeled ILO estimate)",Total,All age ranges or no breakdown by age,Total,Percentage of labor force,Not Applicable,Not Applicable,Not Applicable,Not Applicable,Ratio,Two,World Development Indicators (WDI),Annual,Units,Normal value,Public,8.050808988775767,8.158273373514469,8.155909898083136,8.022100498646854,7.77389399169686,7.681622693944199,7.6419063670609395,7.682637807675717,7.729930108858931,7.6687682968337345,7.553884524302617,7.511493388771953,7.472042420092503,7.278522469596784,7.100413718879307,7.035600599613362,6.980588914968151,6.959262328711857,7.029334933620194,7.339488853187767,7.3033509434919965,7.108737403501187,6.8897222303842796,6.862428575760344,6.930941258587298,7.074428809993263,7.214915018968693,7.244842826805415,7.459106368235439,7.974301641309824,8.407411547000217,7.86947018999245,7.676547733721574,7.571697492746538,7.539233240358914
datastructure,WB.DATA360:DS_DATA360(1.3),I,A,AFG,WB_WDI_SL_UEM_TOTL_ZS,_T,_T,_T,PT_LF,_Z,_Z,_Z,_Z,RATIO,2,WB_WDI,P1Y,0,A,PU,Annual,Afghanistan,"Unemployment, total (% of total labor force) (modeled ILO estimate)",Total,All age ranges or no breakdown by age,Total,Percentage of labor force,Not Applicable,Not Applicable,Not Applicable,Not Applicable,Ratio,Two,World Development Indicators (WDI),Annual,Units,Normal value,Public,7.972,7.958,7.908,7.883,7.868,7.878,7.863,7.869,7.877,7.897,7.973,7.867,7.844,7.794,7.878,7.897,7.841,7.879,7.808,7.809,7.83,7.875,7.921,7.915,9.032,10.116,11.184,11.192,11.187,11.71,12.006,14.1,14.008,13.687,13.351
datastructure,WB.DATA360:DS_DATA360(1.3),I,A,CPV,WB_WDI_SL_UEM_TOTL_ZS,_T,_T,_T,PT_LF,_Z,_Z,_Z,_Z,RATIO,2,WB_WDI,P1Y,0,A,PU,Annual,Cabo Verde,"Unemployment, total (% of total labor force) (modeled ILO estimate)",Total,All age ranges or no breakdown by age,Total,Percentage of labor force,Not Applicable,Not Applicable,Not Applicable,Not Applicable,Ratio,Two,World Development Indicators (WDI),Annual,Units,Normal value,Public,13.527,13.428,13.276,12.936,12.883,12.844,13.01,13.055,13.071,13.024,13.242,13.379,13.604,13.456,13.439,13.378,13.294,13.307,13.517,10.67,10.956,11.145,11.398,11.689,11.923,12.085,12.24,12.17,12.123,14.65,13.932,12.239,11.882,11.883,11.939
datastructure,WB.DATA360:DS_DATA360(1.3),I,A,HRV,WB_WDI_SL_UEM_TOTL_ZS,_T,_T,_T,PT_LF,_Z,_Z,_Z,_Z,RATIO,2,WB_WDI,P1Y,0,A,PU,Annual,Croatia,"Unemployment, total (% of total labor force) (modeled ILO estimate)",Total,All age ranges or no breakdown by age,Total,Percentage of labor force,Not Applicable,Not Applicable,Not Applicable,Not Applicable,Ratio,Two,World Development Indicators (WDI),Annual,Units,Normal value,Public,11.14,10.974,10.779,10.364,10.007,9.68,9.71,11.392,13.559,16.064,15.822,15.053,13.924,13.664,12.598,11.13,9.909,8.53,9.202,11.62,13.678,16.046,17.231,17.209,16.15,13.015,11.078,8.322,6.551,7.389,7.483,6.811,6.121,5.0,5.002
datastructure,WB.DATA360:DS_DATA360(1.3),I,A,PYF,WB_WDI_SL_UEM_TOTL_ZS,_T,_T,_T,PT_LF,_Z,_Z,_Z,_Z,RATIO,2,WB_WDI,P1Y,0,A,PU,Annual,French Polynesia,"Unemployment, total (% of total labor force) (modeled ILO estimate)",Total,All age ranges or no breakdown by age,Total,Percentage of labor force,Not Applicable,Not Applicable,Not Applicable,Not Applicable,Ratio,Two,World Development Indicators (WDI),Annual,Units,Normal value,Public,11.591,11.724,11.778,11.98,11.941,11.92,11.866,11.791,11.701,11.583,11.665,11.71,11.751,11.702,11.722,11.768,11.74,11.76,11.963,12.133,12.257,12.134,12.027,11.894,11.794,11.727,11.595,11.599,11.591,12.963,12.558,11.793,11.613,11.613,11.662
datastructure,WB.DATA360:DS_DATA360(1.3),I,A,NCL,WB_WDI_SL_UEM_TOTL_ZS,_T,_T,_T,PT_LF,_Z,_Z,_Z,_Z,RATIO,2,WB_WDI,P1Y,0,A,PU,Annual,New Caledonia,"Unemployment, total (% of total labor force) (modeled ILO estimate)",Total,All age ranges or no breakdown by age,Total,Percentage of labor force,Not Applicable,Not Applicable,Not Applicable,Not Applicable,Ratio,Two,World Development Indicators (WDI),Annual,Units,Normal value,Public,18.124,18.61,18.762,18.878,18.629,18.64,18.382,18.519,18.205,17.907,17.391,17.045,16.665,16.31,15.778,15.256,14.754,14.36,13.97,13.998,13.988,14.116,14.39,14.59,13.621,12.679,11.676,11.702,10.88,13.558,11.574,10.71,10.922,10.991,11.174
datastructure,WB.DATA360:DS_DATA360(1.3),I,A,ITA,WB_WDI_SL_UEM_TOTL_ZS,_T,_T,_T,PT_LF,_Z,_Z,_Z,_Z,RATIO,2,WB_WDI,P1Y,0,A,PU,Annual,Italy,"Unemployment, total (% of total labor force) (modeled ILO estimate)",Total,All age ranges or no breakdown by age,Total,Percentage of labor force,Not Applicable,Not Applicable,Not Applicable,Not Applicable,Ratio,Two,World Development Indicators (WDI),Annual,Units,Normal value,Public,10.097,9.321,10.212,11.086,11.661,11.864,11.985,12.117,11.681,10.834,9.599,9.211,8.869,7.866,7.73,6.777,6.076,6.723,7.749,8.363,8.359,10.655,12.149,12.683,11.896,11.688,11.211,10.538,9.884,9.192,9.497,8.069,7.627,6.5,6.391
datastructure,WB.DATA360:DS_DATA360(1.3),I,A,SLV,WB_WDI_SL_UEM_TOTL_ZS,_T,_T,_T,PT_LF,_Z,_Z,_Z,_Z,RATIO,2,WB_WDI,P1Y,0,A,PU,Annual,El Salvador,"Unemployment, total (% of total labor force) (modeled ILO estimate)",Total,All age ranges or no breakdown by age,Total,Percentage of labor force,Not Applicable,Not Applicable,Not Applicable,Not Applicable,Ratio,Two,World Development Indicators (WDI),Annual,Units,Normal value,Public,7.53,7.88,9.94,7.68,7.65,7.68,7.98,7.1,7.3,6.96,6.96,6.2,6.9,6.8,7.22,6.57,6.41,5.88,7.33,4.893,4.297,3.843,3.693,4.154,3.998,4.418,4.385,4.006,4.17,5.008,4.327,2.999,2.992,3.261,3.303
datastructure,WB.DATA360:DS_DATA360(1.3),I,A,ECA,WB_WDI_SL_UEM_TOTL_ZS,_T,_T,_T,PT_LF,_Z,_Z,_Z,_Z,RATIO,2,WB_WDI,P1Y,0,A,PU,Annual,Europe & Central Asia (excluding high income),"Unemployment, total (% of total labor force) (modeled ILO estimate)",Total,All age ranges or no breakdown by age,Total,Percentage of labor force,Not Applicable,Not Applicable,Not Applicable,Not Applicable,Ratio,Two,World Development Indicators (WDI),Annual,Units,Normal value,Public,4.471752760949312,5.269922997044336,5.933072081815717,7.155989131222649,8.5598066611286,9.949965504670777,10.12382020531802,11.017603798002442,11.393921188715879,10.746218394208883,10.640853419353583,10.70287437517398,10.290974644155035,10.136307737434388,9.62072328847468,9.156326666292472,8.613122465791085,8.581234306481258,10.18561362439608,9.54059516043394,8.883918718722319,8.600979810578757,8.563583951381919,8.96073635337147,8.961054314439103,9.037563513752154,8.943360273650942,8.61159005290134,9.118070578140774,9.268142250662274,8.95407922243149,7.71538545377934,7.179617127269607,6.906886675379608,6.844246139531637
datastructure,WB.DATA360:DS_DATA360(1.3),I,A,OSS,WB_WDI_SL_UEM_TOTL_ZS,_T,_T,_T,PT_LF,_Z,_Z,_Z,_Z,RATIO,2,WB_WDI,P1Y,0,A,PU,Annual,Other small states,"Unemployment, total (% of total labor force) (modeled ILO estimate)",Total,All age ranges or no breakdown by age,Total,Percentage of labor force,Not Applicable,Not Applicable,Not Applicable,Not Applicable,Ratio,Two,World Development Indicators (WDI),Annual,Units,Normal value,Public,7.942168052677128,8.541557352848717,9.407504220475719,9.574301967427019,9.947938175456759,9.995157017139235,10.129467261018606,9.958665678545527,10.68545068860274,11.017771139926918,10.939810420462067,10.24077766454906,10.640921185742096,10.6266524019735,10.502120222047296,9.68343911516973,9.04975553505642,8.872387022382709,10.728322030154668,11.12810099352686,10.530301111375902,10.534576663401424,10.769668968166284,10.461708489695729,9.999525116975027,9.695657677516428,9.260106881797567,8.788457244385254,8.37803693303246,9.995756484098408,9.496683992345988,9.011475135444917,8.444879025441274,8.486689767016285,8.590855246761972
datastructure,WB.DATA360:DS_DATA360(1.3),I,A,SGP,WB_WDI_SL_UEM_TOTL_ZS,_T,_T,_T,PT_LF,_Z,_Z,_Z,_Z,RATIO,2,WB_WDI,P1Y,0,A,PU,Annual,Singapore,"Unemployment, total (% of total labor force) (modeled ILO estimate)",Total,All age ranges or no breakdown by age,Total,Percentage of labor force,Not Applicable,Not Applicable,Not Applicable,Not Applicable,Ratio,Two,World Development Indicators (WDI),Annual,Units,Normal value,Public,2.18,3.09,3.07,3.03,3.3,3.57,2.5,3.41,4.85,3.7,3.76,5.65,5.93,5.84,5.59,4.48,3.9,3.96,5.86,4.12,3.89,3.72,3.86,3.74,3.79,4.08,4.2,3.613,3.1,4.1,4.64,3.591,3.444,2.737,2.818
datastructure,WB.DATA360:DS_DATA360(1.3),I,A,MNE,WB_WDI_SL_UEM_TOTL_ZS,_T,_T,_T,PT_LF,_Z,_Z,_Z,_Z,RATIO,2,WB_WDI,P1Y,0,A,PU,Annual,Montenegro,"Unemployment, total (% of total labor force) (modeled ILO estimate)",Total,All age ranges or no breakdown by age,Total,Percentage of labor force,Not Applicable,Not Applicable,Not Applicable,Not Applicable,Ratio,Two,World Development Indicators (WDI),Annual,Units,Normal value,Public,30.118,30.181,30.238,30.226,30.196,30.173,30.219,30.21,30.471,30.447,30.542,30.356,30.39,30.342,30.31,24.815,19.4,17.15,19.09,19.649,19.759,19.808,19.585,18.054,17.555,17.732,16.082,15.19,15.128,17.878,16.543,14.851,13.146,13.206,13.572
datastructure,WB.DATA360:DS_DATA360(1.3),I,A,IRN,WB_WDI_SL_UEM_TOTL_ZS,_T,_T,_T,PT_LF,_Z,_Z,_Z,_Z,RATIO,2,WB_WDI,P1Y,0,A,PU,Annual,"Iran, Islamic Rep.","Unemployment, total (% of total labor force) (modeled ILO estimate)",Total,All age ranges or no breakdown by age,Total,Percentage of labor force,Not Applicable,Not Applicable,Not Applicable,Not Applicable,Ratio,Two,World Development Indicators (WDI),Annual,Units,Normal value,Public,11.1,10.653,10.573,10.458,9.904,9.1,9.68,10.358,11.176,11.698,12.362,12.8,11.529,10.3,11.813,11.519,10.772,10.63,12.113,13.679,12.491,12.275,10.595,10.68,11.166,12.618,12.232,12.195,10.74,9.687,9.282,9.085,8.129,8.146,8.301
datastructure,WB.DATA360:DS_DATA360(1.3),I,A,TTO,WB_WDI_SL_UEM_TOTL_ZS,_T,_T,_T,PT_LF,_Z,_Z,_Z,_Z,RATIO,2,WB_WDI,P1Y,0,A,PU,Annual,Trinidad and Tobago,"Unemployment, total (% of total labor force) (modeled ILO estimate)",Total,All age ranges or no breakdown by age,Total,Percentage of labor force,Not Applicable,Not Applicable,Not Applicable,Not Applicable,Ratio,Two,World Development Indicators (WDI),Annual,Units,Normal value,Public,18.52,19.66,19.81,18.44,17.22,16.25,15.01,14.21,13.12,12.1,10.88,10.39,10.48,8.33,7.95,6.27,5.54,4.63,5.28,4.033,3.425,3.718,2.683,2.477,2.428,3.207,3.389,3.497,3.523,4.206,4.446,4.383,3.361,3.318,3.329
datastructure,WB.DATA360:DS_DATA360(1.3),I,A,GMB,WB_WDI_SL_UEM_TOTL_ZS,_T,_T,_T,PT_LF,_Z,_Z,_Z,_Z,RATIO,2,WB_WDI,P1Y,0,A,PU,Annual,"Gambia, The","Unemployment, total (% of total labor force) (modeled ILO estimate)",Total,All age ranges or no breakdown by age,Total,Percentage of labor force,Not Applicable,Not Applicable,Not Applicable,Not Applicable,Ratio,Two,World Development Indicators (WDI),Annual,Units,Normal value,Public,9.778,9.888,9.917,10.044,10.153,10.192,9.999,9.898,9.737,9.722,9.64,10.039,9.991,9.948,9.92,10.241,10.425,10.065,9.778,9.673,10.276,10.346,9.454,8.191,7.226,6.244,5.097,4.055,4.481,5.84,6.213,6.067,6.479,6.48,6.521
datastructure,WB.DATA360:DS_DATA360(1.3),I,A,WLD,WB_WDI_SL_UEM_TOTL_ZS,_T,_T,_T,PT_LF,_Z,_Z,_Z,_Z,RATIO,2,WB_WDI,P1Y,0,A,PU,Annual,World,"Unemployment, total (% of total labor force) (modeled ILO estimate)",Total,All age ranges or no breakdown by age,Total,Percentage of labor force,Not Applicable,Not Applicable,Not Applicable,Not Applicable,Ratio,Two,World Development Indicators (WDI),Annual,Units,Normal value,Public,5.119441005277639,5.275535250153293,5.54366000199437,5.789282767773451,5.919522909198507,5.983796125504545,6.010234680333776,6.159184208965074,6.278476110288346,6.111369854226016,6.189915735114418,6.411923158505757,6.4840269461924045,6.3297974514459705,6.223991796204365,5.97382359730159,5.774911859363859,5.824190296034345,6.409564516711225,6.281187874022046,6.149064825044642,6.152098512078954,6.099344899500253,5.957471053309099,5.9985085966434974,5.970883277766894,5.8980238896104495,5.759541528004503,5.588479603824458,6.587689357206934,6.04556088000376,5.234627969137474,4.849917135886189,4.806279766154829,4.791333074021103
datastructure,WB.DATA360:DS_DATA360(1.3),I,A,PRE,WB_WDI_SL_UEM_TOTL_ZS,_T,_T,_T,PT_LF,_Z,_Z,_Z,_Z,RATIO,2,WB_WDI,P1Y,0,A,PU,Annual,Pre-demographic dividend,"Unemployment, total (% of total labor force) (modeled ILO estimate)",Total,All age ranges or no breakdown by age,Total,Percentage of labor force,Not Applicable,Not Applicable,Not Applicable,Not Applicable,Ratio,Two,World Development Indicators (WDI),Annual,Units,Normal value,Public,5.345680029262349,5.386526633907587,5.45794091503848,5.423535911428163,5.303856460739267,5.181398655475608,5.080854941782187,5.0599720973908795,5.103178088008885,5.133919839784842,5.121538100370175,5.072461145245297,5.045871221001709,4.962129488472935,4.933877326102286,4.909987136393706,4.871912621113876,4.868365406965627,4.901498041620276,5.095240005581383,5.14866591361225,5.064929026069053,4.86973350643787,4.859564989508609,4.928748487015016,5.00843089695962,5.266919921814299,5.3292748034350055,5.389241220212368,5.890784047493767,5.768486618485674,4.974950998231025,4.651988982654214,4.537342497939269,4.5440757803154055
datastructure,WB.DATA360:DS_DATA360(1.3),I,A,NER,WB_WDI_SL_UEM_TOTL_ZS,_T,_T,_T,PT_LF,_Z,_Z,_Z,_Z,RATIO,2,WB_WDI,P1Y,0,A,PU,Annual,Niger,"Unemployment, total (% of total labor force) (modeled ILO estimate)",Total,All age ranges or no breakdown by age,Total,Percentage of labor force,Not Applicable,Not Applicable,Not Applicable,Not Applicable,Ratio,Two,World Development Indicators (WDI),Annual,Units,Normal value,Public,1.588,1.569,1.541,1.502,1.494,1.498,1.503,1.381,1.385,1.427,1.47,1.808,2.145,2.751,3.1,2.528,2.021,1.584,1.208,0.718,0.316,2.177,1.401,0.524,0.556,0.55,0.556,0.536,0.531,0.591,0.806,0.403,0.407,0.376,0.394
datastructure,WB.DATA360:DS_DATA360(1.3),I,A,MDA,WB_WDI_SL_UEM_TOTL_ZS,_T,_T,_T,PT_LF,_Z,_Z,_Z,_Z,RATIO,2,WB_WDI,P1Y,0,A,PU,Annual,Moldova,"Unemployment, total (% of total labor force) (modeled ILO estimate)",Total,All age ranges or no breakdown by age,Total,Percentage of labor force,Not Applicable,Not Applicable,Not Applicable,Not Applicable,Ratio,Two,World Development Indicators (WDI),Annual,Units,Normal value,Public,1.9,3.7,3.7,5.8,5.3,7.9,7.9,10.0,11.14,8.539,7.366,6.845,6.378,6.374,5.633,4.26,2.749,2.097,3.024,2.972,2.677,2.189,1.894,1.45,1.781,1.591,1.622,1.239,1.502,1.206,0.794,0.909,1.57,1.427,1.505
datastructure,WB.DATA360:DS_DATA360(1.3),I,A,TUR,WB_WDI_SL_UEM_TOTL_ZS,_T,_T,_T,PT_LF,_Z,_Z,_Z,_Z,RATIO,2,WB_WDI,P1Y,0,A,PU,Annual,Türkiye,"Unemployment, total (% of total labor force) (modeled ILO estimate)",Total,All age ranges or no breakdown by age,Total,Percentage of labor force,Not Applicable,Not Applicable,Not Applicable,Not Applicable,Ratio,Two,World Development Indicators (WDI),Annual,Units,Normal value,Public,8.21,8.509,8.962,8.577,7.644,6.629,6.841,6.888,7.687,6.495,8.381,10.358,10.542,10.838,10.636,10.227,10.285,10.965,14.026,11.879,9.789,9.21,9.713,9.901,10.304,10.899,10.919,10.956,13.73,13.148,11.969,10.465,9.388,8.8,8.52
datastructure,WB.DATA360:DS_DATA360(1.3),I,A,ISL,WB_WDI_SL_UEM_TOTL_ZS,_T,_T,_T,PT_LF,_Z,_Z,_Z,_Z,RATIO,2,WB_WDI,P1Y,0,A,PU,Annual,Iceland,"Unemployment, total (% of total labor force) (modeled ILO estimate)",Total,All age ranges or no breakdown by age,Total,Percentage of labor force,Not Applicable,Not Applicable,Not Applicable,Not Applicable,Ratio,Two,World Development Indicators (WDI),Annual,Units,Normal value,Public,2.548,4.305,5.257,5.326,5.196,3.6,3.72,3.069,2.178,1.936,1.874,2.988,3.997,4.031,2.547,2.83,2.251,2.946,7.22,7.564,7.028,6.0,5.376,4.897,3.979,2.978,2.742,2.704,3.507,5.478,6.029,3.789,3.518,3.6,3.625
datastructure,WB.DATA360:DS_DATA360(1.3),I,A,IDN,WB_WDI_SL_UEM_TOTL_ZS,_T,_T,_T,PT_LF,_Z,_Z,_Z,_Z,RATIO,2,WB_WDI,P1Y,0,A,PU,Annual,Indonesia,"Unemployment, total (% of total labor force) (modeled ILO estimate)",Total,All age ranges or no breakdown by age,Total,Percentage of labor force,Not Applicable,Not Applicable,Not Applicable,Not Applicable,Ratio,Two,World Development Indicators (WDI),Annual,Units,Normal value,Public,2.617,2.734,2.782,4.366,4.611,4.861,4.684,5.459,6.358,6.077,6.082,6.604,6.657,7.303,7.945,7.551,8.06,7.208,6.106,5.614,5.153,4.468,4.336,4.049,4.514,4.301,3.783,4.387,3.59,4.255,3.827,3.462,3.308,3.301,3.237
datastructure,WB.DATA360:DS_DATA360(1.3),I,A,TCD,WB_WDI_SL_UEM_TOTL_ZS,_T,_T,_T,PT_LF,_Z,_Z,_Z,_Z,RATIO,2,WB_WDI,P1Y,0,A,PU,Annual,Chad,"Unemployment, total (% of total labor force) (modeled ILO estimate)",Total,All age ranges or no breakdown by age,Total,Percentage of labor force,Not Applicable,Not Applicable,Not Applicable,Not Applicable,Ratio,Two,World Development Indicators (WDI),Annual,Units,Normal value,Public,0.668,0.658,0.7,0.709,0.755,0.7,0.732,0.725,0.753,0.796,0.792,0.769,0.725,0.672,0.663,0.716,0.839,0.922,0.943,0.911,0.92,0.886,0.955,0.984,1.032,1.091,1.132,1.135,1.077,1.695,1.53,1.081,1.059,1.053,1.057
datastructure,WB.DATA360:DS_DATA360(1.3),I,A,EAP,WB_WDI_SL_UEM_TOTL_ZS,_T,_T,_T,PT_LF,_Z,_Z,_Z,_Z,RATIO,2,WB_WDI,P1Y,0,A,PU,Annual,East Asia & Pacific (excluding high income),"Unemployment, total (% of total labor force) (modeled ILO estimate)",Total,All age ranges or no breakdown by age,Total,Percentage of labor force,Not Applicable,Not Applicable,Not Applicable,Not Applicable,Ratio,Two,World Development Indicators (WDI),Annual,Units,Normal value,Public,2.4139062388530323,2.383305839831046,2.63468153816686,2.9331444524865646,3.016461568067261,3.1211945850016862,3.2129923203788016,3.3836053913619644,3.4787071203945543,3.433349704990771,3.8557872807063784,4.169500981140922,4.41684389931735,4.411270899400873,4.490191745465748,4.3836448453094,4.364625899424742,4.444420369898624,4.4250962452004305,4.163700374372033,4.114794488135727,4.052760450519695,4.055061807961509,4.050308439850236,4.124583418988181,4.0431247170212385,3.9216662036523005,3.8123526555493825,3.904326431034778,4.36943697408605,4.13328662810016,4.234911942469211,3.977123816900913,3.913709916317638,3.918109514839125
datastructure,WB.DATA360:DS_DATA360(1.3),I,A,TKM,WB_WDI_SL_UEM_TOTL_ZS,_T,_T,_T,PT_LF,_Z,_Z,_Z,_Z,RATIO,2,WB_WDI,P1Y,0,A,PU,Annual,Turkmenistan,"Unemployment, total (% of total labor force) (modeled ILO estimate)",Total,All age ranges or no breakdown by age,Total,Percentage of labor force,Not Applicable,Not Applicable,Not Applicable,Not Applicable,Ratio,Two,World Development Indicators (WDI),Annual,Units,Normal value,Public,1.4,1.5,1.5,4.7,8.3,10.3,11.0,12.2,12.7,11.73,10.898,10.141,9.289,8.419,7.495,6.601,5.719,4.852,4.0,4.0,4.003,3.994,3.993,4.005,4.016,4.026,4.035,4.036,4.035,4.489,4.458,4.017,4.007,4.02,4.267
datastructure,WB.DATA360:DS_DATA360(1.3),I,A,RWA,WB_WDI_SL_UEM_TOTL_ZS,_T,_T,_T,PT_LF,_Z,_Z,_Z,_Z,RATIO,2,WB_WDI,P1Y,0,A,PU,Annual,Rwanda,"Unemployment, total (% of total labor force) (modeled ILO estimate)",Total,All age ranges or no breakdown by age,Total,Percentage of labor force,Not Applicable,Not Applicable,Not Applicable,Not Applicable,Ratio,Two,World Development Indicators (WDI),Annual,Units,Normal value,Public,12.335,12.114,12.155,12.236,11.938,11.507,11.087,11.255,11.569,11.699,11.732,11.432,11.658,11.699,11.842,11.586,11.58,11.517,11.625,11.637,11.756,11.671,11.768,11.837,11.831,11.788,11.875,10.759,11.236,11.829,15.775,15.084,12.352,11.331,11.363
datastructure,WB.DATA360:DS_DATA360(1.3),I,A,CHE,WB_WDI_SL_UEM_TOTL_ZS,_T,_T,_T,PT_LF,_Z,_Z,_Z,_Z,RATIO,2,WB_WDI,P1Y,0,A,PU,Annual,Switzerland,"Unemployment, total (% of total labor force) (modeled ILO estimate)",Total,All age ranges or no breakdown by age,Total,Percentage of labor force,Not Applicable,Not Applicable,Not Applicable,Not Applicable,Ratio,Two,World Development Indicators (WDI),Annual,Units,Normal value,Public,1.818,2.344,3.551,3.58,3.094,3.684,4.127,3.568,3.053,2.658,2.49,2.924,4.117,4.316,4.437,3.995,3.641,3.35,4.109,4.808,4.409,4.491,4.747,4.826,4.801,4.918,4.797,4.713,4.394,4.817,5.013,4.122,4.043,4.343,4.873
datastructure,WB.DATA360:DS_DATA360(1.3),I,A,JPN,WB_WDI_SL_UEM_TOTL_ZS,_T,_T,_T,PT_LF,_Z,_Z,_Z,_Z,RATIO,2,WB_WDI,P1Y,0,A,PU,Annual,Japan,"Unemployment, total (% of total labor force) (modeled ILO estimate)",Total,All age ranges or no breakdown by age,Total,Percentage of labor force,Not Applicable,Not Applicable,Not Applicable,Not Applicable,Ratio,Two,World Development Indicators (WDI),Annual,Units,Normal value,Public,2.059,2.158,2.539,2.89,3.15,3.383,3.374,4.078,4.677,4.748,5.02,5.386,5.251,4.734,4.446,4.192,3.888,4.002,5.068,5.102,4.55,4.358,4.038,3.589,3.385,3.132,2.822,2.467,2.351,2.809,2.808,2.614,2.6,2.5,2.451
datastructure,WB.DATA360:DS_DATA360(1.3),I,A,MAC,WB_WDI_SL_UEM_TOTL_ZS,_T,_T,_T,PT_LF,_Z,_Z,_Z,_Z,RATIO,2,WB_WDI,P1Y,0,A,PU,Annual,"Macao SAR, China","Unemployment, total (% of total labor force) (modeled ILO estimate)",Total,All age ranges or no breakdown by age,Total,Percentage of labor force,Not Applicable,Not Applicable,Not Applicable,Not Applicable,Ratio,Two,World Development Indicators (WDI),Annual,Units,Normal value,Public,3.01,2.196,2.057,2.48,3.581,4.261,3.225,4.607,6.34,6.874,6.371,6.278,5.995,4.904,4.158,3.822,3.269,2.999,3.58,2.84,2.56,1.97,1.82,1.67,1.81,1.939,1.981,1.803,1.73,2.542,2.221,2.446,2.206,2.262,2.347
datastructure,WB.DATA360:DS_DATA360(1.3),I,A,BFA,WB_WDI_SL_UEM_TOTL_ZS,_T,_T,_T,PT_LF,_Z,_Z,_Z,_Z,RATIO,2,WB_WDI,P1Y,0,A,PU,Annual,Burkina Faso,"Unemployment, total (% of total labor force) (modeled ILO estimate)",Total,All age ranges or no breakdown by age,Total,Percentage of labor force,Not Applicable,Not Applicable,Not Applicable,Not Applicable,Ratio,Two,World Development Indicators (WDI),Annual,Units,Normal value,Public,2.467,2.505,2.426,2.58,2.532,2.446,2.412,2.44,2.552,2.687,2.748,2.862,2.78,3.48,4.0,3.67,3.3,3.501,3.723,3.725,3.827,3.849,4.054,4.255,4.472,4.598,4.662,4.695,4.493,4.59,4.511,3.828,3.601,3.441,3.477
datastructure,WB.DATA360:DS_DATA360(1.3),I,A,TMN,WB_WDI_SL_UEM_TOTL_ZS,_T,_T,_T,PT_LF,_Z,_Z,_Z,_Z,RATIO,2,WB_WDI,P1Y,0,A,PU,Annual,"Middle East, North Africa, Afghanistan & Pakistan (IDA & IBRD)","Unemployment, total (% of total labor force) (modeled ILO estimate)",Total,All age ranges or no breakdown by age,Total,Percentage of labor force,Not Applicable,Not Applicable,Not Applicable,Not Applicable,Ratio,Two,World Development Indicators (WDI),Annual,Units,Normal value,Public,8.031681978695048,8.146852197212533,8.681601872658689,8.745893754493753,9.034286550970151,8.209980756163073,7.997318513192085,8.092624467684423,8.365459930257634,8.709732239365511,8.667829398842882,8.669280358498046,8.455447461995977,7.6234266441402445,7.792175781930129,7.335994368974743,6.963419762045852,6.7646409343940155,6.881227966825751,7.051442574935131,7.527148376086065,8.833762479412409,8.398342002883489,8.078374040218188,8.967918859558488,8.665075652299912,9.154002267518871,9.178814378699396,8.963174460232691,9.679540077016535,9.589304307986136,8.83598059809406,8.592099197352594,8.70657329890235,8.693780662213788
datastructure,WB.DATA360:DS_DATA360(1.3),I,A,MDG,WB_WDI_SL_UEM_TOTL_ZS,_T,_T,_T,PT_LF,_Z,_Z,_Z,_Z,RATIO,2,WB_WDI,P1Y,0,A,PU,Annual,Madagascar,"Unemployment, total (% of total labor force) (modeled ILO estimate)",Total,All age ranges or no breakdown by age,Total,Percentage of labor force,Not Applicable,Not Applicable,Not Applicable,Not Applicable,Ratio,Two,World Development Indicators (WDI),Annual,Units,Normal value,Public,6.169,6.275,6.317,6.106,6.092,6.092,5.971,5.901,5.822,5.8,5.35,5.515,5.01,3.951,2.62,2.945,3.202,3.431,3.885,4.28,2.516,0.599,0.995,1.385,1.785,1.949,2.123,2.303,2.479,3.292,3.498,3.186,3.044,3.051,3.041
datastructure,WB.DATA360:DS_DATA360(1.3),I,A,SAU,WB_WDI_SL_UEM_TOTL_ZS,_T,_T,_T,PT_LF,_Z,_Z,_Z,_Z,RATIO,2,WB_WDI,P1Y,0,A,PU,Annual,Saudi Arabia,"Unemployment, total (% of total labor force) (modeled ILO estimate)",Total,All age ranges or no breakdown by age,Total,Percentage of labor force,Not Applicable,Not Applicable,Not Applicable,Not Applicable,Ratio,Two,World Development Indicators (WDI),Annual,Units,Normal value,Public,7.316,7.2,7.002,6.733,6.365,5.804,5.283,4.752,4.346,4.57,4.618,5.265,5.563,5.822,6.051,6.254,5.734,5.085,5.377,5.55,5.77,5.622,5.6,5.877,5.6,5.6,5.89,6.029,5.636,7.66,6.621,5.589,4.008,3.518,3.038
datastructure,WB.DATA360:DS_DATA360(1.3),I,A,ISR,WB_WDI_SL_UEM_TOTL_ZS,_T,_T,_T,PT_LF,_Z,_Z,_Z,_Z,RATIO,2,WB_WDI,P1Y,0,A,PU,Annual,Israel,"Unemployment, total (% of total labor force) (modeled ILO estimate)",Total,All age ranges or no breakdown by age,Total,Percentage of labor force,Not Applicable,Not Applicable,Not Applicable,Not Applicable,Ratio,Two,World Development Indicators (WDI),Annual,Units,Normal value,Public,13.387,14.08,12.741,9.934,8.782,8.455,9.751,10.749,11.183,11.102,11.812,12.888,13.505,13.029,11.342,10.707,9.379,7.704,9.534,8.48,7.139,6.762,6.137,5.789,5.176,4.723,4.14,3.917,3.731,4.169,4.812,3.695,3.371,3.595,3.489
datastructure,WB.DATA360:DS_DATA360(1.3),I,A,ZAF,WB_WDI_SL_UEM_TOTL_ZS,_T,_T,_T,PT_LF,_Z,_Z,_Z,_Z,RATIO,2,WB_WDI,P1Y,0,A,PU,Annual,South Africa,"Unemployment, total (% of total labor force) (modeled ILO estimate)",Total,All age ranges or no breakdown by age,Total,Percentage of labor force,Not Applicable,Not Applicable,Not Applicable,Not Applicable,Ratio,Two,World Development Indicators (WDI),Annual,Units,Normal value,Public,23.137,23.463,23.361,23.067,22.705,22.5,22.549,22.739,22.884,22.788,22.652,22.579,22.679,22.567,22.472,22.304,22.26,22.407,23.523,24.683,24.639,24.727,24.561,24.89,25.149,26.536,27.035,26.906,28.468,29.217,34.007,33.268,32.098,32.279,32.391
datastructure,WB.DATA360:DS_DATA360(1.3),I,A,NPL,WB_WDI_SL_UEM_TOTL_ZS,_T,_T,_T,PT_LF,_Z,_Z,_Z,_Z,RATIO,2,WB_WDI,P1Y,0,A,PU,Annual,Nepal,"Unemployment, total (% of total labor force) (modeled ILO estimate)",Total,All age ranges or no breakdown by age,Total,Percentage of labor force,Not Applicable,Not Applicable,Not Applicable,Not Applicable,Ratio,Two,World Development Indicators (WDI),Annual,Units,Normal value,Public,10.465,10.473,10.492,10.458,10.473,10.446,10.512,10.526,10.549,10.531,10.502,10.593,10.644,10.652,10.59,10.609,10.642,10.597,10.582,10.563,10.627,10.632,10.666,10.62,10.643,10.714,10.66,10.593,10.477,13.037,12.241,10.661,10.437,10.5,10.465
datastructure,WB.DATA360:DS_DATA360(1.3),I,A,ROU,WB_WDI_SL_UEM_TOTL_ZS,_T,_T,_T,PT_LF,_Z,_Z,_Z,_Z,RATIO,2,WB_WDI,P1Y,0,A,PU,Annual,Romania,"Unemployment, total (% of total labor force) (modeled ILO estimate)",Total,All age ranges or no breakdown by age,Total,Percentage of labor force,Not Applicable,Not Applicable,Not Applicable,Not Applicable,Ratio,Two,World Development Indicators (WDI),Annual,Units,Normal value,Public,8.23,8.26,8.251,8.17,8.01,6.74,5.515,5.63,6.239,6.969,6.561,8.112,6.95,7.719,7.174,7.27,6.413,5.787,6.859,6.959,7.177,6.794,7.096,6.802,6.812,5.901,4.927,4.187,3.912,5.035,5.59,5.614,5.589,5.4,5.992
datastructure,WB.DATA360:DS_DATA360(1.3),I,A,PSE,WB_WDI_SL_UEM_TOTL_ZS,_T,_T,_T,PT_LF,_Z,_Z,_Z,_Z,RATIO,2,WB_WDI,P1Y,0,A,PU,Annual,West Bank and Gaza,"Unemployment, total (% of total labor force) (modeled ILO estimate)",Total,All age ranges or no breakdown by age,Total,Percentage of labor force,Not Applicable,Not Applicable,Not Applicable,Not Applicable,Ratio,Two,World Development Indicators (WDI),Annual,Units,Normal value,Public,10.666,10.692,10.705,10.778,10.714,10.726,10.522,10.451,10.382,10.625,21.493,27.465,23.004,23.215,20.016,19.014,18.282,22.913,20.452,21.416,17.597,19.202,19.894,20.526,23.005,23.939,25.677,26.256,25.34,25.895,26.39,24.42,,,
datastructure,WB.DATA360:DS_DATA360(1.3),I,A,JOR,WB_WDI_SL_UEM_TOTL_ZS,_T,_T,_T,PT_LF,_Z,_Z,_Z,_Z,RATIO,2,WB_WDI,P1Y,0,A,PU,Annual,Jordan,"Unemployment, total (% of total labor force) (modeled ILO estimate)",Total,All age ranges or no breakdown by age,Total,Percentage of labor force,Not Applicable,Not Applicable,Not Applicable,Not Applicable,Ratio,Two,World Development Indicators (WDI),Annual,Units,Normal value,Public,21.439,19.947,19.7,16.894,14.6,13.7,13.74,13.841,13.763,13.7,14.7,15.3,14.5,14.626,14.8,14.0,13.1,12.7,12.9,12.5,12.9,12.2,12.6,11.9,13.075,15.275,18.12,18.257,16.801,19.213,19.837,18.2,16.62,16.693,16.535
datastructure,WB.DATA360:DS_DATA360(1.3),I,A,UMC,WB_WDI_SL_UEM_TOTL_ZS,_T,_T,_T,PT_LF,_Z,_Z,_Z,_Z,RATIO,2,WB_WDI,P1Y,0,A,PU,Annual,Upper middle income,"Unemployment, total (% of total labor force) (modeled ILO estimate)",Total,All age ranges or no breakdown by age,Total,Percentage of labor force,Not Applicable,Not Applicable,Not Applicable,Not Applicable,Ratio,Two,World Development Indicators (WDI),Annual,Units,Normal value,Public,3.7764941378025862,3.854879129866848,4.07605395620867,4.473593982105637,4.859485876080052,5.0205447619762635,5.082860122557653,5.346439008529765,5.598987221263352,5.544028442136499,5.80136022985993,6.097717360706036,6.202635234756665,6.054553188775575,6.046287425506389,5.811359955466778,5.708589762287367,5.676837448678211,5.974937358087034,5.656481393492472,5.465489682281029,5.370331761432522,5.334905789699228,5.3470778569501185,5.557817006007812,5.762408406472302,5.7733720152705486,5.671215454091665,5.80585688987594,6.476373853118082,6.153729310055274,5.750414856442612,5.362975604268885,5.261431560111608,5.183913948229568
datastructure,WB.DATA360:DS_DATA360(1.3),I,A,FRA,WB_WDI_SL_UEM_TOTL_ZS,_T,_T,_T,PT_LF,_Z,_Z,_Z,_Z,RATIO,2,WB_WDI,P1Y,0,A,PU,Annual,France,"Unemployment, total (% of total labor force) (modeled ILO estimate)",Total,All age ranges or no breakdown by age,Total,Percentage of labor force,Not Applicable,Not Applicable,Not Applicable,Not Applicable,Ratio,Two,World Development Indicators (WDI),Annual,Units,Normal value,Public,9.134,10.203,11.32,12.593,11.834,12.367,12.566,12.074,11.981,10.218,8.61,8.702,8.306,8.914,8.882,8.832,8.008,7.386,9.122,9.279,9.228,9.841,9.913,10.273,10.354,10.057,9.409,9.018,8.415,8.009,7.871,7.303,7.335,7.4,7.542
datastructure,WB.DATA360:DS_DATA360(1.3),I,A,FIN,WB_WDI_SL_UEM_TOTL_ZS,_T,_T,_T,PT_LF,_Z,_Z,_Z,_Z,RATIO,2,WB_WDI,P1Y,0,A,PU,Annual,Finland,"Unemployment, total (% of total labor force) (modeled ILO estimate)",Total,All age ranges or no breakdown by age,Total,Percentage of labor force,Not Applicable,Not Applicable,Not Applicable,Not Applicable,Ratio,Two,World Development Indicators (WDI),Annual,Units,Normal value,Public,6.503,11.595,16.201,16.426,17.005,15.572,14.967,13.214,11.693,11.134,10.29,10.423,10.469,10.358,9.602,8.935,6.854,6.369,8.249,8.394,7.781,7.689,8.193,8.663,9.376,8.818,8.64,7.361,6.695,7.759,7.617,6.719,7.149,8.4,9.461
datastructure,WB.DATA360:DS_DATA360(1.3),I,A,KOR,WB_WDI_SL_UEM_TOTL_ZS,_T,_T,_T,PT_LF,_Z,_Z,_Z,_Z,RATIO,2,WB_WDI,P1Y,0,A,PU,Annual,"Korea, Rep.","Unemployment, total (% of total labor force) (modeled ILO estimate)",Total,All age ranges or no breakdown by age,Total,Percentage of labor force,Not Applicable,Not Applicable,Not Applicable,Not Applicable,Ratio,Two,World Development Indicators (WDI),Annual,Units,Normal value,Public,2.407,2.513,2.878,2.476,2.063,2.048,2.608,6.963,6.342,4.063,3.699,3.046,3.348,3.42,3.482,3.254,3.013,2.959,3.363,3.324,2.992,2.812,3.067,3.082,3.546,3.65,3.653,3.824,3.746,3.931,3.639,2.857,2.675,2.784,2.683
datastructure,WB.DATA360:DS_DATA360(1.3),I,A,LBY,WB_WDI_SL_UEM_TOTL_ZS,_T,_T,_T,PT_LF,_Z,_Z,_Z,_Z,RATIO,2,WB_WDI,P1Y,0,A,PU,Annual,Libya,"Unemployment, total (% of total labor force) (modeled ILO estimate)",Total,All age ranges or no breakdown by age,Total,Percentage of labor force,Not Applicable,Not Applicable,Not Applicable,Not Applicable,Ratio,Two,World Development Indicators (WDI),Annual,Units,Normal value,Public,18.601,18.828,19.006,19.328,19.331,19.212,19.151,19.192,19.233,19.275,19.239,19.281,19.074,18.938,18.66,18.805,18.771,19.041,19.29,19.321,19.504,19.03,19.311,19.295,19.69,19.559,19.053,18.865,19.087,19.651,19.779,19.238,18.713,19.085,18.758
datastructure,WB.DATA360:DS_DATA360(1.3),I,A,FJI,WB_WDI_SL_UEM_TOTL_ZS,_T,_T,_T,PT_LF,_Z,_Z,_Z,_Z,RATIO,2,WB_WDI,P1Y,0,A,PU,Annual,Fiji,"Unemployment, total (% of total labor force) (modeled ILO estimate)",Total,All age ranges or no breakdown by age,Total,Percentage of labor force,Not Applicable,Not Applicable,Not Applicable,Not Applicable,Ratio,Two,World Development Indicators (WDI),Annual,Units,Normal value,Public,4.618,4.64,4.694,4.598,4.651,4.623,4.725,4.746,4.698,4.697,4.692,4.772,4.74,4.7,3.886,3.957,4.109,4.187,4.309,4.345,4.406,4.375,4.356,4.323,4.288,4.319,4.418,4.523,4.661,5.054,5.225,5.403,5.316,5.361,5.347
datastructure,WB.DATA360:DS_DATA360(1.3),I,A,NOR,WB_WDI_SL_UEM_TOTL_ZS,_T,_T,_T,PT_LF,_Z,_Z,_Z,_Z,RATIO,2,WB_WDI,P1Y,0,A,PU,Annual,Norway,"Unemployment, total (% of total labor force) (modeled ILO estimate)",Total,All age ranges or no breakdown by age,Total,Percentage of labor force,Not Applicable,Not Applicable,Not Applicable,Not Applicable,Ratio,Two,World Development Indicators (WDI),Annual,Units,Normal value,Public,5.407,5.91,5.965,5.349,6.307,5.036,4.687,3.737,3.247,3.458,3.738,4.022,4.221,4.256,4.381,3.397,2.493,2.521,3.1,3.527,3.196,3.129,3.425,3.486,4.296,4.68,4.164,3.801,3.684,4.424,4.359,3.231,3.574,4.0,4.637
datastructure,WB.DATA360:DS_DATA360(1.3),I,A,TON,WB_WDI_SL_UEM_TOTL_ZS,_T,_T,_T,PT_LF,_Z,_Z,_Z,_Z,RATIO,2,WB_WDI,P1Y,0,A,PU,Annual,Tonga,"Unemployment, total (% of total labor force) (modeled ILO estimate)",Total,All age ranges or no breakdown by age,Total,Percentage of labor force,Not Applicable,Not Applicable,Not Applicable,Not Applicable,Ratio,Two,World Development Indicators (WDI),Annual,Units,Normal value,Public,1.348,1.349,1.3,1.688,1.987,2.404,2.877,3.348,3.69,3.966,4.368,4.683,5.18,3.878,2.542,1.09,1.21,1.279,1.419,1.501,1.594,1.638,1.75,1.914,2.022,2.048,2.137,2.248,2.165,2.712,2.111,2.002,1.652,1.965,2.008
datastructure,WB.DATA360:DS_DATA360(1.3),I,A,VCT,WB_WDI_SL_UEM_TOTL_ZS,_T,_T,_T,PT_LF,_Z,_Z,_Z,_Z,RATIO,2,WB_WDI,P1Y,0,A,PU,Annual,St. Vincent and the Grenadines,"Unemployment, total (% of total labor force) (modeled ILO estimate)",Total,All age ranges or no breakdown by age,Total,Percentage of labor force,Not Applicable,Not Applicable,Not Applicable,Not Applicable,Ratio,Two,World Development Indicators (WDI),Annual,Units,Normal value,Public,19.77,19.558,19.681,19.974,20.005,20.343,20.133,20.521,20.542,20.8,21.1,20.623,19.985,19.545,19.461,19.162,18.934,18.79,19.365,19.924,20.006,19.833,19.356,19.237,19.135,19.029,19.024,19.005,19.248,20.635,20.356,19.277,18.348,18.093,18.003
datastructure,WB.DATA360:DS_DATA360(1.3),I,A,BHS,WB_WDI_SL_UEM_TOTL_ZS,_T,_T,_T,PT_LF,_Z,_Z,_Z,_Z,RATIO,2,WB_WDI,P1Y,0,A,PU,Annual,"Bahamas, The","Unemployment, total (% of total labor force) (modeled ILO estimate)",Total,All age ranges or no breakdown by age,Total,Percentage of labor force,Not Applicable,Not Applicable,Not Applicable,Not Applicable,Ratio,Two,World Development Indicators (WDI),Annual,Units,Normal value,Public,12.17,14.81,12.72,13.83,10.83,11.46,9.76,7.65,7.45,7.118,6.87,9.05,10.84,10.2,10.2,7.54,7.88,8.18,14.25,14.435,14.52,14.02,16.18,13.8,12.0,12.7,9.8,10.0,9.336,12.016,11.078,9.25,8.645,9.049,9.207
datastructure,WB.DATA360:DS_DATA360(1.3),I,A,LAO,WB_WDI_SL_UEM_TOTL_ZS,_T,_T,_T,PT_LF,_Z,_Z,_Z,_Z,RATIO,2,WB_WDI,P1Y,0,A,PU,Annual,Lao PDR,"Unemployment, total (% of total labor force) (modeled ILO estimate)",Total,All age ranges or no breakdown by age,Total,Percentage of labor force,Not Applicable,Not Applicable,Not Applicable,Not Applicable,Ratio,Two,World Development Indicators (WDI),Annual,Units,Normal value,Public,2.497,2.71,2.732,2.634,2.6,2.45,2.354,2.293,2.154,2.045,1.881,1.775,1.639,1.498,1.35,1.199,1.068,0.944,0.835,0.708,0.96,1.208,1.469,1.733,2.006,2.634,3.268,2.897,2.531,2.349,2.08,1.209,1.186,1.174,1.187
datastructure,WB.DATA360:DS_DATA360(1.3),I,A,CHI,WB_WDI_SL_UEM_TOTL_ZS,_T,_T,_T,PT_LF,_Z,_Z,_Z,_Z,RATIO,2,WB_WDI,P1Y,0,A,PU,Annual,Channel Islands,"Unemployment, total (% of total labor force) (modeled ILO estimate)",Total,All age ranges or no breakdown by age,Total,Percentage of labor force,Not Applicable,Not Applicable,Not Applicable,Not Applicable,Ratio,Two,World Development Indicators (WDI),Annual,Units,Normal value,Public,5.679,6.121,7.082,7.235,6.974,6.897,6.685,6.278,5.91,5.351,5.041,5.313,5.644,5.848,5.833,5.571,5.23,5.295,6.674,7.024,7.244,8.028,8.572,8.319,7.928,7.469,6.881,6.344,6.185,6.633,6.643,5.923,5.928,6.031,6.169
datastructure,WB.DATA360:DS_DATA360(1.3),I,A,BRA,WB_WDI_SL_UEM_TOTL_ZS,_T,_T,_T,PT_LF,_Z,_Z,_Z,_Z,RATIO,2,WB_WDI,P1Y,0,A,PU,Annual,Brazil,"Unemployment, total (% of total labor force) (modeled ILO estimate)",Total,All age ranges or no breakdown by age,Total,Percentage of labor force,Not Applicable,Not Applicable,Not Applicable,Not Applicable,Ratio,Two,World Development Indicators (WDI),Annual,Units,Normal value,Public,6.887,7.086,6.03,6.579,7.092,8.035,9.003,10.15,11.125,10.889,10.649,10.641,11.168,10.072,10.551,9.692,9.28,8.268,9.419,8.42,7.578,7.251,7.071,6.755,8.538,11.58,12.792,12.329,11.936,13.697,13.158,9.231,7.947,6.801,5.97
datastructure,WB.DATA360:DS_DATA360(1.3),I,A,MMR,WB_WDI_SL_UEM_TOTL_ZS,_T,_T,_T,PT_LF,_Z,_Z,_Z,_Z,RATIO,2,WB_WDI,P1Y,0,A,PU,Annual,Myanmar,"Unemployment, total (% of total labor force) (modeled ILO estimate)",Total,All age ranges or no breakdown by age,Total,Percentage of labor force,Not Applicable,Not Applicable,Not Applicable,Not Applicable,Ratio,Two,World Development Indicators (WDI),Annual,Units,Normal value,Public,0.828,0.796,0.779,0.739,0.754,0.753,0.764,0.772,0.75,0.712,0.689,0.685,0.686,0.677,0.672,0.676,0.684,0.7,0.712,0.725,0.749,0.768,0.775,0.763,0.766,1.058,1.356,0.767,0.407,1.476,4.34,3.063,2.977,2.887,3.047
datastructure,WB.DATA360:DS_DATA360(1.3),I,A,RUS,WB_WDI_SL_UEM_TOTL_ZS,_T,_T,_T,PT_LF,_Z,_Z,_Z,_Z,RATIO,2,WB_WDI,P1Y,0,A,PU,Annual,Russian Federation,"Unemployment, total (% of total labor force) (modeled ILO estimate)",Total,All age ranges or no breakdown by age,Total,Percentage of labor force,Not Applicable,Not Applicable,Not Applicable,Not Applicable,Ratio,Two,World Development Indicators (WDI),Annual,Units,Normal value,Public,5.11,5.181,5.883,8.131,9.449,9.665,11.813,13.261,13.036,10.581,8.978,7.875,8.21,7.763,7.124,7.055,6.002,6.205,8.301,7.407,6.571,5.484,5.513,5.212,5.615,5.591,5.238,4.871,4.513,5.62,4.749,3.867,3.076,2.43,2.133
datastructure,WB.DATA360:DS_DATA360(1.3),I,A,HIC,WB_WDI_SL_UEM_TOTL_ZS,_T,_T,_T,PT_LF,_Z,_Z,_Z,_Z,RATIO,2,WB_WDI,P1Y,0,A,PU,Annual,High income,"Unemployment, total (% of total labor force) (modeled ILO estimate)",Total,All age ranges or no breakdown by age,Total,Percentage of labor force,Not Applicable,Not Applicable,Not Applicable,Not Applicable,Ratio,Two,World Development Indicators (WDI),Annual,Units,Normal value,Public,6.583416937135194,7.0715514704958835,7.650080591262215,7.91329164341291,7.720209268630371,7.735454911062608,7.738094080312649,7.813608300003503,7.699938966656267,7.0233031362304645,6.870712243296164,7.194001368754081,7.319751820692866,7.095800382962391,6.781672599319366,6.3039356566465035,5.696631267245949,5.93249084408943,8.04050429042724,8.181319451662585,7.811336584941854,7.722880588233553,7.635648388164178,7.039035271910475,6.551141800384306,6.1102316631005165,5.578086538108984,5.079449406911297,4.760959625482322,6.4603003640989884,5.563412690806628,4.509679742349694,4.336579340414492,4.369002951399777,4.406734609510334
datastructure,WB.DATA360:DS_DATA360(1.3),I,A,MYS,WB_WDI_SL_UEM_TOTL_ZS,_T,_T,_T,PT_LF,_Z,_Z,_Z,_Z,RATIO,2,WB_WDI,P1Y,0,A,PU,Annual,Malaysia,"Unemployment, total (% of total labor force) (modeled ILO estimate)",Total,All age ranges or no breakdown by age,Total,Percentage of labor force,Not Applicable,Not Applicable,Not Applicable,Not Applicable,Ratio,Two,World Development Indicators (WDI),Annual,Units,Normal value,Public,3.7,3.71,4.11,3.64,3.15,2.52,2.45,3.2,3.43,3.0,3.53,3.48,3.61,3.54,3.53,3.32,3.31,3.34,3.62,3.32,3.05,3.04,3.14,2.88,3.1,3.44,3.41,3.3,3.33,4.54,4.64,3.93,3.858,3.846,3.764
datastructure,WB.DATA360:DS_DATA360(1.3),I,A,KEN,WB_WDI_SL_UEM_TOTL_ZS,_T,_T,_T,PT_LF,_Z,_Z,_Z,_Z,RATIO,2,WB_WDI,P1Y,0,A,PU,Annual,Kenya,"Unemployment, total (% of total labor force) (modeled ILO estimate)",Total,All age ranges or no breakdown by age,Total,Percentage of labor force,Not Applicable,Not Applicable,Not Applicable,Not Applicable,Ratio,Two,World Development Indicators (WDI),Annual,Units,Normal value,Public,2.78,2.894,2.979,2.955,2.848,2.773,2.818,2.843,2.884,2.884,2.876,2.916,2.869,2.844,2.739,2.673,2.642,2.751,2.816,2.793,2.699,2.678,2.762,2.767,2.762,2.757,3.542,4.284,5.014,5.613,5.693,5.565,5.409,5.487,5.449
datastructure,WB.DATA360:DS_DATA360(1.3),I,A,PNG,WB_WDI_SL_UEM_TOTL_ZS,_T,_T,_T,PT_LF,_Z,_Z,_Z,_Z,RATIO,2,WB_WDI,P1Y,0,A,PU,Annual,Papua New Guinea,"Unemployment, total (% of total labor force) (modeled ILO estimate)",Total,All age ranges or no breakdown by age,Total,Percentage of labor force,Not Applicable,Not Applicable,Not Applicable,Not Applicable,Ratio,Two,World Development Indicators (WDI),Annual,Units,Normal value,Public,2.793,2.608,2.382,2.418,2.603,2.728,2.854,2.86,2.939,2.92,2.801,2.756,2.628,2.526,2.385,2.285,2.169,2.168,2.089,2.002,2.62,2.634,2.698,2.54,2.507,2.478,2.58,2.65,2.651,2.903,3.03,2.689,2.649,2.625,2.571
datastructure,WB.DATA360:DS_DATA360(1.3),I,A,NAC,WB_WDI_SL_UEM_TOTL_ZS,_T,_T,_T,PT_LF,_Z,_Z,_Z,_Z,RATIO,2,WB_WDI,P1Y,0,A,PU,Annual,North America,"Unemployment, total (% of total labor force) (modeled ILO estimate)",Total,All age ranges or no breakdown by age,Total,Percentage of labor force,Not Applicable,Not Applicable,Not Applicable,Not Applicable,Ratio,Two,World Development Indicators (WDI),Annual,Units,Normal value,Public,7.160851049084651,7.873157285858481,7.349892912672641,6.545559543145007,6.030244925084769,5.861832715620986,5.403015475734263,4.882262029259851,4.551718017151723,4.273168171661469,4.979619642011395,5.974864123660266,6.1532615153250365,5.701248195128768,5.257508596403536,4.816141361145757,4.782431657594546,5.836528463259552,9.169948521379157,9.477586451843743,8.80784798616693,7.995889533133218,7.349763489714971,6.260832452117751,5.460640821528803,5.103407019104136,4.579717386026293,4.107211290915193,3.8905668850669994,8.2305997250471,5.592109536284482,3.833100950204151,3.840610652308502,4.29029945331562,4.511086695897487
datastructure,WB.DATA360:DS_DATA360(1.3),I,A,MRT,WB_WDI_SL_UEM_TOTL_ZS,_T,_T,_T,PT_LF,_Z,_Z,_Z,_Z,RATIO,2,WB_WDI,P1Y,0,A,PU,Annual,Mauritania,"Unemployment, total (% of total labor force) (modeled ILO estimate)",Total,All age ranges or no breakdown by age,Total,Percentage of labor force,Not Applicable,Not Applicable,Not Applicable,Not Applicable,Ratio,Two,World Development Indicators (WDI),Annual,Units,Normal value,Public,9.971,10.052,9.85,9.979,9.766,9.764,9.788,9.975,10.033,10.03,10.132,10.201,9.911,9.77,9.59,9.313,9.482,9.715,10.214,10.093,9.976,9.864,9.926,10.026,10.104,10.287,10.336,10.411,10.416,11.051,11.131,10.52,10.37,10.257,10.319
datastructure,WB.DATA360:DS_DATA360(1.3),I,A,IBT,WB_WDI_SL_UEM_TOTL_ZS,_T,_T,_T,PT_LF,_Z,_Z,_Z,_Z,RATIO,2,WB_WDI,P1Y,0,A,PU,Annual,IDA & IBRD total,"Unemployment, total (% of total labor force) (modeled ILO estimate)",Total,All age ranges or no breakdown by age,Total,Percentage of labor force,Not Applicable,Not Applicable,Not Applicable,Not Applicable,Ratio,Two,World Development Indicators (WDI),Annual,Units,Normal value,Public,4.80295800663217,4.861206579016859,5.063107464608887,5.379436788720261,5.63094435698265,5.711485769289707,5.794804134363796,5.9945352525522395,6.211779409077114,6.138165281216268,6.255111285175307,6.420048333494006,6.471469668312157,6.319179288151133,6.235444190092545,6.01942694309996,5.862135460631345,5.846414958378573,6.103491389052022,5.893575079819214,5.804961661553086,5.801252507419637,5.763292710954371,5.724584079358855,5.89281637093057,5.953285279848801,5.974373295828854,5.910523783978738,5.767543752121124,6.614080295133753,6.144266285383329,5.3868811832202335,4.952299786777433,4.874925898306616,4.843500174258363
datastructure,WB.DATA360:DS_DATA360(1.3),I,A,MOZ,WB_WDI_SL_UEM_TOTL_ZS,_T,_T,_T,PT_LF,_Z,_Z,_Z,_Z,RATIO,2,WB_WDI,P1Y,0,A,PU,Annual,Mozambique,"Unemployment, total (% of total labor force) (modeled ILO estimate)",Total,All age ranges or no breakdown by age,Total,Percentage of labor force,Not Applicable,Not Applicable,Not Applicable,Not Applicable,Ratio,Two,World Development Indicators (WDI),Annual,Units,Normal value,Public,2.838,3.028,2.896,2.879,2.758,2.763,2.7,2.64,2.663,2.832,2.838,2.902,2.857,2.953,3.035,3.037,3.082,3.112,3.207,3.259,3.295,3.304,3.345,3.377,3.426,3.65,3.935,4.21,4.462,5.019,5.413,6.789,6.661,6.668,6.628
datastructure,WB.DATA360:DS_DATA360(1.3),I,A,IBD,WB_WDI_SL_UEM_TOTL_ZS,_T,_T,_T,PT_LF,_Z,_Z,_Z,_Z,RATIO,2,WB_WDI,P1Y,0,A,PU,Annual,IBRD only,"Unemployment, total (% of total labor force) (modeled ILO estimate)",Total,All age ranges or no breakdown by age,Total,Percentage of labor force,Not Applicable,Not Applicable,Not Applicable,Not Applicable,Ratio,Two,World Development Indicators (WDI),Annual,Units,Normal value,Public,4.948180087324789,5.008641346025651,5.236193656596464,5.617754784459548,5.938588232932175,6.034380372294085,6.144754848582963,6.375049280298919,6.624562222473878,6.537867166552498,6.688068461075293,6.901195173994809,6.976655231805918,6.817675008724326,6.743331222024503,6.518474152787128,6.332505354726385,6.301817038654894,6.616443596085363,6.3804115479251715,6.265926469759815,6.180093907569128,6.187061625315906,6.167907911063992,6.304175354829622,6.4161780638060195,6.391317441821226,6.281906373782988,6.066559161258132,6.951284075757389,6.313129537042221,5.569942640844839,5.114836310191679,5.021600624470221,4.977286462180346
datastructure,WB.DATA360:DS_DATA360(1.3),I,A,ALB,WB_WDI_SL_UEM_TOTL_ZS,_T,_T,_T,PT_LF,_Z,_Z,_Z,_Z,RATIO,2,WB_WDI,P1Y,0,A,PU,Annual,Albania,"Unemployment, total (% of total labor force) (modeled ILO estimate)",Total,All age ranges or no breakdown by age,Total,Percentage of labor force,Not Applicable,Not Applicable,Not Applicable,Not Applicable,Ratio,Two,World Development Indicators (WDI),Annual,Units,Normal value,Public,10.304,30.007,25.251,20.835,14.607,13.928,16.872,20.042,20.835,19.023,18.57,17.891,16.985,16.306,15.966,15.626,15.966,13.06,13.674,14.086,13.481,13.376,15.866,18.055,17.193,15.418,13.616,12.304,11.466,11.639,11.474,10.785,10.669,10.689,10.926
datastructure,WB.DATA360:DS_DATA360(1.3),I,A,BLZ,WB_WDI_SL_UEM_TOTL_ZS,_T,_T,_T,PT_LF,_Z,_Z,_Z,_Z,RATIO,2,WB_WDI,P1Y,0,A,PU,Annual,Belize,"Unemployment, total (% of total labor force) (modeled ILO estimate)",Total,All age ranges or no breakdown by age,Total,Percentage of labor force,Not Applicable,Not Applicable,Not Applicable,Not Applicable,Ratio,Two,World Development Indicators (WDI),Annual,Units,Normal value,Public,9.647,9.654,9.78,11.1,12.48,13.82,12.68,14.31,12.84,10.841,9.07,10.04,10.342,10.586,10.91,9.39,8.51,8.18,8.323,8.412,8.424,8.378,8.349,8.244,7.578,7.0,6.596,9.346,9.053,10.763,10.302,8.682,8.278,8.698,8.856
datastructure,WB.DATA360:DS_DATA360(1.3),I,A,TSA,WB_WDI_SL_UEM_TOTL_ZS,_T,_T,_T,PT_LF,_Z,_Z,_Z,_Z,RATIO,2,WB_WDI,P1Y,0,A,PU,Annual,South Asia (IDA & IBRD),"Unemployment, total (% of total labor force) (modeled ILO estimate)",Total,All age ranges or no breakdown by age,Total,Percentage of labor force,Not Applicable,Not Applicable,Not Applicable,Not Applicable,Ratio,Two,World Development Indicators (WDI),Annual,Units,Normal value,Public,7.243155459513445,7.23871666924301,7.249800616191642,7.180079063798255,7.150136749041877,7.112795947298077,7.151536321803341,7.168747081805485,7.171951726526579,7.176474753893053,7.232458982359738,7.34580672778149,7.333303447568062,7.306321282843723,7.24801932806737,7.1608935578734245,7.201997763848101,7.2950408204158625,7.3628078548039,7.163288618197967,7.174580977145823,7.237203597219051,7.313726200283633,7.2941985475228925,7.273492612287674,7.250803186861751,7.249695696741108,7.281403995919009,6.306449373477665,7.625611752045778,6.330489383904877,4.86631704704624,4.162200901876479,4.192146689782114,4.243204424460268
datastructure,WB.DATA360:DS_DATA360(1.3),I,A,LBR,WB_WDI_SL_UEM_TOTL_ZS,_T,_T,_T,PT_LF,_Z,_Z,_Z,_Z,RATIO,2,WB_WDI,P1Y,0,A,PU,Annual,Liberia,"Unemployment, total (% of total labor force) (modeled ILO estimate)",Total,All age ranges or no breakdown by age,Total,Percentage of labor force,Not Applicable,Not Applicable,Not Applicable,Not Applicable,Ratio,Two,World Development Indicators (WDI),Annual,Units,Normal value,Public,2.735,2.724,2.706,2.652,2.588,2.397,2.195,2.061,2.006,2.018,2.104,2.222,2.42,2.424,2.413,2.28,2.232,2.221,2.241,2.266,2.211,2.146,2.08,2.079,2.557,3.081,3.067,3.058,3.071,4.102,3.844,2.956,2.905,2.914,2.884
datastructure,WB.DATA360:DS_DATA360(1.3),I,A,GHA,WB_WDI_SL_UEM_TOTL_ZS,_T,_T,_T,PT_LF,_Z,_Z,_Z,_Z,RATIO,2,WB_WDI,P1Y,0,A,PU,Annual,Ghana,"Unemployment, total (% of total labor force) (modeled ILO estimate)",Total,All age ranges or no breakdown by age,Total,Percentage of labor force,Not Applicable,Not Applicable,Not Applicable,Not Applicable,Ratio,Two,World Development Indicators (WDI),Annual,Units,Normal value,Public,3.489,4.7,5.231,5.9,6.484,7.091,7.639,8.2,10.1,10.456,9.615,8.711,7.728,6.758,5.816,4.897,5.104,5.144,5.362,5.384,4.213,3.126,2.173,4.403,6.806,5.256,3.369,3.204,3.067,3.178,3.2,2.87,2.829,2.82,2.979
datastructure,WB.DATA360:DS_DATA360(1.3),I,A,SUR,WB_WDI_SL_UEM_TOTL_ZS,_T,_T,_T,PT_LF,_Z,_Z,_Z,_Z,RATIO,2,WB_WDI,P1Y,0,A,PU,Annual,Suriname,"Unemployment, total (% of total labor force) (modeled ILO estimate)",Total,All age ranges or no breakdown by age,Total,Percentage of labor force,Not Applicable,Not Applicable,Not Applicable,Not Applicable,Ratio,Two,World Development Indicators (WDI),Annual,Units,Normal value,Public,17.189,17.28,15.64,12.7,8.39,10.88,10.56,10.63,13.6,12.873,12.047,11.187,10.336,9.49,9.302,9.142,9.017,8.854,8.72,7.15,7.54,8.1,6.6,6.94,7.22,7.917,7.905,7.817,7.755,8.973,8.706,7.973,7.699,7.621,7.834
datastructure,WB.DATA360:DS_DATA360(1.3),I,A,CSS,WB_WDI_SL_UEM_TOTL_ZS,_T,_T,_T,PT_LF,_Z,_Z,_Z,_Z,RATIO,2,WB_WDI,P1Y,0,A,PU,Annual,Caribbean small states,"Unemployment, total (% of total labor force) (modeled ILO estimate)",Total,All age ranges or no breakdown by age,Total,Percentage of labor force,Not Applicable,Not Applicable,Not Applicable,Not Applicable,Ratio,Two,World Development Indicators (WDI),Annual,Units,Normal value,Public,16.324960647174088,17.04385504491799,16.839464377449342,16.115434286325158,14.650767422764137,14.198094399749738,13.611946958557715,13.041805398595393,12.501962585435601,11.742763064123155,11.179440335723209,11.308325095139462,11.538063288292781,10.291603676794793,9.984805722649877,8.69394120180955,8.1976990614565,7.8711908829552035,9.188085405932533,8.809349045988082,8.825317564162612,8.995637547340339,8.879507961267615,8.612948224326258,8.224535642690787,8.528976258608486,8.246740025220575,8.597086254908412,8.211425146918389,9.95181592662355,9.713271250799227,8.298677558890377,7.512812908959464,7.491806998985054,7.554852458534245
datastructure,WB.DATA360:DS_DATA360(1.3),I,A,KWT,WB_WDI_SL_UEM_TOTL_ZS,_T,_T,_T,PT_LF,_Z,_Z,_Z,_Z,RATIO,2,WB_WDI,P1Y,0,A,PU,Annual,Kuwait,"Unemployment, total (% of total labor force) (modeled ILO estimate)",Total,All age ranges or no breakdown by age,Total,Percentage of labor force,Not Applicable,Not Applicable,Not Applicable,Not Applicable,Ratio,Two,World Development Indicators (WDI),Annual,Units,Normal value,Public,0.884,0.878,0.8,0.7,0.694,0.7,0.7,0.7,0.7,0.8,0.8,1.1,1.3,1.7,1.455,1.3,1.5,1.75,1.64,1.82,2.051,2.227,2.465,2.9,2.2,2.16,2.23,2.202,2.213,3.489,2.97,2.133,2.08,2.151,2.181
datastructure,WB.DATA360:DS_DATA360(1.3),I,A,PAK,WB_WDI_SL_UEM_TOTL_ZS,_T,_T,_T,PT_LF,_Z,_Z,_Z,_Z,RATIO,2,WB_WDI,P1Y,0,A,PU,Annual,Pakistan,"Unemployment, total (% of total labor force) (modeled ILO estimate)",Total,All age ranges or no breakdown by age,Total,Percentage of labor force,Not Applicable,Not Applicable,Not Applicable,Not Applicable,Ratio,Two,World Development Indicators (WDI),Annual,Units,Normal value,Public,0.596,0.587,0.596,0.601,0.611,0.6,0.611,0.62,0.625,0.614,0.611,0.615,0.612,0.598,0.583,0.582,0.398,0.423,0.535,0.653,0.796,3.667,2.954,1.827,3.566,2.285,3.204,4.083,4.83,5.994,6.338,5.291,5.237,5.492,5.42
datastructure,WB.DATA360:DS_DATA360(1.3),I,A,PSS,WB_WDI_SL_UEM_TOTL_ZS,_T,_T,_T,PT_LF,_Z,_Z,_Z,_Z,RATIO,2,WB_WDI,P1Y,0,A,PU,Annual,Pacific island small states,"Unemployment, total (% of total labor force) (modeled ILO estimate)",Total,All age ranges or no breakdown by age,Total,Percentage of labor force,Not Applicable,Not Applicable,Not Applicable,Not Applicable,Ratio,Two,World Development Indicators (WDI),Annual,Units,Normal value,Public,3.877089091766879,3.876338613187525,3.9367376902055917,3.9035968971601687,3.9808544240790797,4.015600977524877,4.159018079706296,4.262679635995187,4.304988321864842,4.404857649391092,4.517825471704568,4.611746762371706,4.514205931041943,4.340672527609399,3.840457346219197,3.8145638999842744,3.7626467483373647,3.665174065877628,3.608508653041968,3.506752023267577,3.44436830760268,3.5470781651272167,3.425321550809181,3.3973712847056934,3.3702046267528294,3.363110393584145,3.40034043733734,3.3523130215685732,3.3279813658944724,3.3065566052683915,3.3546852610654843,3.606816202693673,3.520575256915591,3.527514128234864,3.518310837284224
datastructure,WB.DATA360:DS_DATA360(1.3),I,A,LBN,WB_WDI_SL_UEM_TOTL_ZS,_T,_T,_T,PT_LF,_Z,_Z,_Z,_Z,RATIO,2,WB_WDI,P1Y,0,A,PU,Annual,Lebanon,"Unemployment, total (% of total labor force) (modeled ILO estimate)",Total,All age ranges or no breakdown by age,Total,Percentage of labor force,Not Applicable,Not Applicable,Not Applicable,Not Applicable,Ratio,Two,World Development Indicators (WDI),Annual,Units,Normal value,Public,8.594,8.225,8.226,8.321,8.421,8.413,8.62,8.571,8.787,8.641,8.499,8.248,8.061,7.85,8.249,8.679,8.98,7.666,6.355,6.768,7.352,7.952,8.477,8.84,9.312,9.794,10.258,10.755,11.301,13.252,12.715,11.105,10.985,,
datastructure,WB.DATA360:DS_DATA360(1.3),I,A,NZL,WB_WDI_SL_UEM_TOTL_ZS,_T,_T,_T,PT_LF,_Z,_Z,_Z,_Z,RATIO,2,WB_WDI,P1Y,0,A,PU,Annual,New Zealand,"Unemployment, total (% of total labor force) (modeled ILO estimate)",Total,All age ranges or no breakdown by age,Total,Percentage of labor force,Not Applicable,Not Applicable,Not Applicable,Not Applicable,Ratio,Two,World Development Indicators (WDI),Annual,Units,Normal value,Public,10.614,10.667,9.804,8.354,6.461,6.29,6.857,7.718,7.023,6.13,5.433,5.282,4.745,4.005,3.807,3.857,3.661,4.167,6.121,6.557,6.491,6.931,5.839,5.428,5.415,5.147,4.736,4.335,4.109,4.595,3.776,3.299,3.734,4.724,5.076
datastructure,WB.DATA360:DS_DATA360(1.3),I,A,LUX,WB_WDI_SL_UEM_TOTL_ZS,_T,_T,_T,PT_LF,_Z,_Z,_Z,_Z,RATIO,2,WB_WDI,P1Y,0,A,PU,Annual,Luxembourg,"Unemployment, total (% of total labor force) (modeled ILO estimate)",Total,All age ranges or no breakdown by age,Total,Percentage of labor force,Not Applicable,Not Applicable,Not Applicable,Not Applicable,Ratio,Two,World Development Indicators (WDI),Annual,Units,Normal value,Public,1.482,2.029,2.33,3.479,2.918,3.286,2.527,2.763,2.39,2.345,1.805,2.621,3.675,5.113,4.488,4.731,4.065,5.06,5.194,4.423,5.122,5.03,6.045,6.044,6.796,6.669,5.523,5.589,5.592,6.766,5.571,4.588,5.184,6.4,6.343
datastructure,WB.DATA360:DS_DATA360(1.3),I,A,TEC,WB_WDI_SL_UEM_TOTL_ZS,_T,_T,_T,PT_LF,_Z,_Z,_Z,_Z,RATIO,2,WB_WDI,P1Y,0,A,PU,Annual,Europe & Central Asia (IDA & IBRD),"Unemployment, total (% of total labor force) (modeled ILO estimate)",Total,All age ranges or no breakdown by age,Total,Percentage of labor force,Not Applicable,Not Applicable,Not Applicable,Not Applicable,Ratio,Two,World Development Indicators (WDI),Annual,Units,Normal value,Public,5.909551311970239,6.368134277043032,7.034664506586595,8.401659630250105,9.388979072046762,9.983425688553794,10.654240320670677,11.494326923735397,11.911647106541267,11.018319261091328,10.744706663955277,10.539661263781875,10.304360549277764,9.967271452581821,9.313642454636861,8.703043525655495,7.594075230117051,7.3798868885784605,9.097931788371982,8.676336407999422,8.10364260938392,7.635603752778075,7.690537243822226,7.628012726948541,7.608011342684308,7.438611887139318,7.090149588955105,6.649928158559117,6.702203661059673,7.20291679357834,6.788036351227129,5.625845379844019,5.0769631792024965,4.715632321555624,4.621267319593114
datastructure,WB.DATA360:DS_DATA360(1.3),I,A,SSF,WB_WDI_SL_UEM_TOTL_ZS,_T,_T,_T,PT_LF,_Z,_Z,_Z,_Z,RATIO,2,WB_WDI,P1Y,0,A,PU,Annual,Sub-Saharan Africa,"Unemployment, total (% of total labor force) (modeled ILO estimate)",Total,All age ranges or no breakdown by age,Total,Percentage of labor force,Not Applicable,Not Applicable,Not Applicable,Not Applicable,Ratio,Two,World Development Indicators (WDI),Annual,Units,Normal value,Public,6.439173351866109,6.534389144736033,6.579935346045311,6.509493295878138,6.36418816479738,6.280080107949664,6.240711314445654,6.266194632420254,6.370811205577601,6.352947460562616,6.2591126180264425,6.155450433615036,6.090024003068922,5.944330875488219,5.846141991656352,5.755382884328535,5.714580506487462,5.711192791797892,5.765709806981306,5.940564214989786,5.915937558839968,5.802996158321805,5.574899849283666,5.629776647523979,5.787238564547594,5.865893347162837,5.993911434621014,6.032337717768173,6.180895512937823,6.652493261115289,6.847509290893767,6.082116108207116,5.761529007516653,5.671135836566302,5.661186657053163
datastructure,WB.DATA360:DS_DATA360(1.3),I,A,IRQ,WB_WDI_SL_UEM_TOTL_ZS,_T,_T,_T,PT_LF,_Z,_Z,_Z,_Z,RATIO,2,WB_WDI,P1Y,0,A,PU,Annual,Iraq,"Unemployment, total (% of total labor force) (modeled ILO estimate)",Total,All age ranges or no breakdown by age,Total,Percentage of labor force,Not Applicable,Not Applicable,Not Applicable,Not Applicable,Ratio,Two,World Development Indicators (WDI),Annual,Units,Normal value,Public,8.639,8.346,8.36,8.221,8.431,8.516,8.269,8.064,7.979,8.038,8.249,8.619,8.959,8.715,8.57,8.411,8.646,8.466,8.415,8.267,8.193,7.965,9.222,10.59,10.865,10.82,13.02,13.458,14.096,15.766,16.173,15.41,15.239,15.293,15.485
datastructure,WB.DATA360:DS_DATA360(1.3),I,A,BDI,WB_WDI_SL_UEM_TOTL_ZS,_T,_T,_T,PT_LF,_Z,_Z,_Z,_Z,RATIO,2,WB_WDI,P1Y,0,A,PU,Annual,Burundi,"Unemployment, total (% of total labor force) (modeled ILO estimate)",Total,All age ranges or no breakdown by age,Total,Percentage of labor force,Not Applicable,Not Applicable,Not Applicable,Not Applicable,Ratio,Two,World Development Indicators (WDI),Annual,Units,Normal value,Public,3.147,3.131,3.094,3.106,3.095,3.095,3.124,3.156,3.133,3.137,3.154,3.168,3.145,3.177,3.162,3.185,2.404,1.634,1.622,1.615,1.602,1.593,1.584,1.572,1.449,1.352,1.25,1.147,1.043,1.03,1.118,0.909,0.911,0.915,0.922
datastructure,WB.DATA360:DS_DATA360(1.3),I,A,UZB,WB_WDI_SL_UEM_TOTL_ZS,_T,_T,_T,PT_LF,_Z,_Z,_Z,_Z,RATIO,2,WB_WDI,P1Y,0,A,PU,Annual,Uzbekistan,"Unemployment, total (% of total labor force) (modeled ILO estimate)",Total,All age ranges or no breakdown by age,Total,Percentage of labor force,Not Applicable,Not Applicable,Not Applicable,Not Applicable,Ratio,Two,World Development Indicators (WDI),Annual,Units,Normal value,Public,1.9,2.9,4.9,7.3,7.8,10.7,10.9,13.3,13.3,12.301,11.279,10.256,9.22,8.152,7.092,6.035,4.99,4.89,5.04,5.36,4.96,4.87,4.86,5.09,5.15,5.16,5.83,5.392,4.936,5.293,5.364,4.456,4.434,4.439,4.622
datastructure,WB.DATA360:DS_DATA360(1.3),I,A,CEB,WB_WDI_SL_UEM_TOTL_ZS,_T,_T,_T,PT_LF,_Z,_Z,_Z,_Z,RATIO,2,WB_WDI,P1Y,0,A,PU,Annual,Central Europe and the Baltics,"Unemployment, total (% of total labor force) (modeled ILO estimate)",Total,All age ranges or no breakdown by age,Total,Percentage of labor force,Not Applicable,Not Applicable,Not Applicable,Not Applicable,Ratio,Two,World Development Indicators (WDI),Annual,Units,Normal value,Public,9.575458396542205,10.195979813027375,11.688581737448352,11.556815879998476,11.016729557643291,10.36303677620262,9.391728058837863,9.186974183616952,10.618318069779798,12.149369732100538,13.498112813232442,13.96097653034771,13.276424682802213,12.891460660450253,12.0311529429654,10.124914494498048,7.80912922603523,6.601167159772373,8.516508751555373,9.927187389590612,9.809608423194584,10.014837051228977,10.07618969949295,8.873704898246983,7.812607962340069,6.476269867453339,5.277190008437694,4.294834457537746,3.760726432112237,4.349642122032804,4.4450803122128155,3.965405827317218,4.012304166167971,4.000563509558488,4.142605889322968
datastructure,WB.DATA360:DS_DATA360(1.3),I,A,HND,WB_WDI_SL_UEM_TOTL_ZS,_T,_T,_T,PT_LF,_Z,_Z,_Z,_Z,RATIO,2,WB_WDI,P1Y,0,A,PU,Annual,Honduras,"Unemployment, total (% of total labor force) (modeled ILO estimate)",Total,All age ranges or no breakdown by age,Total,Percentage of labor force,Not Applicable,Not Applicable,Not Applicable,Not Applicable,Ratio,Two,World Development Indicators (WDI),Annual,Units,Normal value,Public,4.58,3.06,3.098,3.138,3.24,4.37,3.32,4.02,3.85,3.883,4.0,4.02,5.3,5.99,4.909,3.574,3.211,3.156,3.292,4.119,4.474,3.755,5.646,7.078,6.147,6.727,5.528,5.648,5.698,10.982,8.506,8.774,6.07,4.91,4.92
datastructure,WB.DATA360:DS_DATA360(1.3),I,A,SDN,WB_WDI_SL_UEM_TOTL_ZS,_T,_T,_T,PT_LF,_Z,_Z,_Z,_Z,RATIO,2,WB_WDI,P1Y,0,A,PU,Annual,Sudan,"Unemployment, total (% of total labor force) (modeled ILO estimate)",Total,All age ranges or no breakdown by age,Total,Percentage of labor force,Not Applicable,Not Applicable,Not Applicable,Not Applicable,Ratio,Two,World Development Indicators (WDI),Annual,Units,Normal value,Public,15.619,15.668,15.51,15.617,15.627,15.605,15.324,15.352,15.399,15.595,15.56,15.514,15.515,15.538,15.545,15.542,15.534,15.566,13.0,15.168,17.44,16.973,16.273,15.41,14.39,13.656,13.0,12.347,11.697,11.995,11.087,7.53,,,
datastructure,WB.DATA360:DS_DATA360(1.3),I,A,LMY,WB_WDI_SL_UEM_TOTL_ZS,_T,_T,_T,PT_LF,_Z,_Z,_Z,_Z,RATIO,2,WB_WDI,P1Y,0,A,PU,Annual,Low & middle income,"Unemployment, total (% of total labor force) (modeled ILO estimate)",Total,All age ranges or no breakdown by age,Total,Percentage of labor force,Not Applicable,Not Applicable,Not Applicable,Not Applicable,Ratio,Two,World Development Indicators (WDI),Annual,Units,Normal value,Public,4.649615741916542,4.7073694847444285,4.888096008901942,5.138603026520863,5.375105171105695,5.460295578110335,5.500830934159503,5.679053370924449,5.868106932709685,5.850957001766257,5.998524950629414,6.194172542390032,6.254095288390942,6.1211162591583905,6.073070403521557,5.8846914597476365,5.7959709980104845,5.795080913643301,5.975694769545368,5.779357020587146,5.713992668874952,5.741863038259362,5.700550166502103,5.678039353911648,5.856532985594573,5.935161531673658,5.979683411829988,5.93231543498439,5.797664161707341,6.61993043653694,6.164824634408759,5.414295452486035,4.976935627066869,4.914153521930483,4.8852891445038225
datastructure,WB.DATA360:DS_DATA360(1.3),I,A,CIV,WB_WDI_SL_UEM_TOTL_ZS,_T,_T,_T,PT_LF,_Z,_Z,_Z,_Z,RATIO,2,WB_WDI,P1Y,0,A,PU,Annual,Côte d’Ivoire,"Unemployment, total (% of total labor force) (modeled ILO estimate)",Total,All age ranges or no breakdown by age,Total,Percentage of labor force,Not Applicable,Not Applicable,Not Applicable,Not Applicable,Ratio,Two,World Development Indicators (WDI),Annual,Units,Normal value,Public,6.595,6.7,5.869,5.046,4.1,4.039,3.964,4.1,4.421,4.835,5.195,5.508,5.847,5.915,6.023,6.017,6.284,6.382,6.573,6.607,7.144,7.223,4.255,3.274,2.573,1.896,3.272,2.852,2.401,2.588,2.623,2.31,2.263,2.273,2.323
datastructure,WB.DATA360:DS_DATA360(1.3),I,A,MNG,WB_WDI_SL_UEM_TOTL_ZS,_T,_T,_T,PT_LF,_Z,_Z,_Z,_Z,RATIO,2,WB_WDI,P1Y,0,A,PU,Annual,Mongolia,"Unemployment, total (% of total labor force) (modeled ILO estimate)",Total,All age ranges or no breakdown by age,Total,Percentage of labor force,Not Applicable,Not Applicable,Not Applicable,Not Applicable,Ratio,Two,World Development Indicators (WDI),Annual,Units,Normal value,Public,5.665,5.857,5.859,5.709,5.5,5.53,5.608,5.752,5.844,5.992,6.111,6.2,6.768,6.851,7.015,7.193,7.2,5.565,5.86,6.549,4.769,3.905,4.231,4.798,4.861,7.235,6.359,5.377,9.024,6.413,7.871,5.954,5.178,5.158,5.233
datastructure,WB.DATA360:DS_DATA360(1.3),I,A,ESP,WB_WDI_SL_UEM_TOTL_ZS,_T,_T,_T,PT_LF,_Z,_Z,_Z,_Z,RATIO,2,WB_WDI,P1Y,0,A,PU,Annual,Spain,"Unemployment, total (% of total labor force) (modeled ILO estimate)",Total,All age ranges or no breakdown by age,Total,Percentage of labor force,Not Applicable,Not Applicable,Not Applicable,Not Applicable,Ratio,Two,World Development Indicators (WDI),Annual,Units,Normal value,Public,15.929,17.697,22.156,24.209,22.675,22.142,20.698,18.673,15.475,13.785,10.348,11.146,11.283,11.09,9.146,8.452,8.232,11.254,17.857,19.86,21.39,24.789,26.094,24.441,22.057,19.635,17.224,15.255,14.104,15.532,14.914,13.033,12.179,11.4,10.376
datastructure,WB.DATA360:DS_DATA360(1.3),I,A,TSS,WB_WDI_SL_UEM_TOTL_ZS,_T,_T,_T,PT_LF,_Z,_Z,_Z,_Z,RATIO,2,WB_WDI,P1Y,0,A,PU,Annual,Sub-Saharan Africa (IDA & IBRD),"Unemployment, total (% of total labor force) (modeled ILO estimate)",Total,All age ranges or no breakdown by age,Total,Percentage of labor force,Not Applicable,Not Applicable,Not Applicable,Not Applicable,Ratio,Two,World Development Indicators (WDI),Annual,Units,Normal value,Public,6.439173351866108,6.534389144736031,6.57993534604531,6.509493295878137,6.364188164797379,6.280080107949663,6.240711314445655,6.2661946324202535,6.3708112055776,6.352947460562617,6.259112618026443,6.155450433615036,6.090024003068919,5.944330875488221,5.846141991656352,5.755382884328536,5.714580506487462,5.71119279179789,5.765709806981306,5.940564214989788,5.915937558839968,5.802996158321805,5.574899849283663,5.629776647523979,5.787238564547595,5.865893347162837,5.993911434621014,6.032337717768173,6.180895512937823,6.652493261115289,6.847509290893767,6.082116108207113,5.761529007516652,5.671135836566302,5.661186657053164
datastructure,WB.DATA360:DS_DATA360(1.3),I,A,ARM,WB_WDI_SL_UEM_TOTL_ZS,_T,_T,_T,PT_LF,_Z,_Z,_Z,_Z,RATIO,2,WB_WDI,P1Y,0,A,PU,Annual,Armenia,"Unemployment, total (% of total labor force) (modeled ILO estimate)",Total,All age ranges or no breakdown by age,Total,Percentage of labor force,Not Applicable,Not Applicable,Not Applicable,Not Applicable,Ratio,Two,World Development Indicators (WDI),Annual,Units,Normal value,Public,1.774,1.8,5.3,6.6,6.7,9.3,10.8,9.4,11.2,11.107,11.012,10.888,10.769,10.676,10.584,10.497,10.394,17.1,19.295,19.523,18.884,17.511,16.576,17.498,18.261,17.617,17.704,18.966,18.304,18.175,15.469,13.451,12.405,12.405,12.871
datastructure,WB.DATA360:DS_DATA360(1.3),I,A,MNA,WB_WDI_SL_UEM_TOTL_ZS,_T,_T,_T,PT_LF,_Z,_Z,_Z,_Z,RATIO,2,WB_WDI,P1Y,0,A,PU,Annual,"Middle East, North Africa, Afghanistan & Pakistan (excluding high income)","Unemployment, total (% of total labor force) (modeled ILO estimate)",Total,All age ranges or no breakdown by age,Total,Percentage of labor force,Not Applicable,Not Applicable,Not Applicable,Not Applicable,Ratio,Two,World Development Indicators (WDI),Annual,Units,Normal value,Public,8.042818829291491,8.157778414911641,8.690459867953903,8.754939736149689,9.041970570124725,8.221674478645037,8.009194832945346,8.10371343099382,8.374849543516163,8.718703742302218,8.722860966145388,8.74924905373015,8.522314859767723,7.694074128184569,7.848381516265381,7.39019405991603,7.018169898580093,6.843348458696454,6.948001776860915,7.123332390198002,7.580320930409457,8.88951819638217,8.461095831771434,8.14794947550081,9.050520357276506,8.755420826573815,9.253383451805181,9.281949982758427,9.06488013658605,9.775967230683456,9.694807492619498,8.938267546740398,8.592099197352592,8.706573298902352,8.69378066221379
datastructure,WB.DATA360:DS_DATA360(1.3),I,A,URY,WB_WDI_SL_UEM_TOTL_ZS,_T,_T,_T,PT_LF,_Z,_Z,_Z,_Z,RATIO,2,WB_WDI,P1Y,0,A,PU,Annual,Uruguay,"Unemployment, total (% of total labor force) (modeled ILO estimate)",Total,All age ranges or no breakdown by age,Total,Percentage of labor force,Not Applicable,Not Applicable,Not Applicable,Not Applicable,Ratio,Two,World Development Indicators (WDI),Annual,Units,Normal value,Public,8.95,8.96,8.35,9.04,10.02,11.93,11.44,9.362,10.466,12.627,15.052,16.648,16.661,12.98,12.009,10.844,9.403,8.025,7.74,7.158,6.307,6.451,6.444,6.547,7.488,7.841,7.89,8.336,8.836,10.413,9.328,7.877,8.355,8.209,7.516
datastructure,WB.DATA360:DS_DATA360(1.3),I,A,SLB,WB_WDI_SL_UEM_TOTL_ZS,_T,_T,_T,PT_LF,_Z,_Z,_Z,_Z,RATIO,2,WB_WDI,P1Y,0,A,PU,Annual,Solomon Islands,"Unemployment, total (% of total labor force) (modeled ILO estimate)",Total,All age ranges or no breakdown by age,Total,Percentage of labor force,Not Applicable,Not Applicable,Not Applicable,Not Applicable,Ratio,Two,World Development Indicators (WDI),Annual,Units,Normal value,Public,1.967,1.851,1.829,1.804,1.841,1.875,2.009,2.155,2.194,2.446,2.642,2.698,2.286,2.026,1.879,1.916,1.978,1.998,2.02,1.617,1.292,0.984,0.694,0.73,0.736,0.736,0.727,0.722,0.746,0.868,0.879,1.475,1.443,1.444,1.431
datastructure,WB.DATA360:DS_DATA360(1.3),I,A,MKD,WB_WDI_SL_UEM_TOTL_ZS,_T,_T,_T,PT_LF,_Z,_Z,_Z,_Z,RATIO,2,WB_WDI,P1Y,0,A,PU,Annual,North Macedonia,"Unemployment, total (% of total labor force) (modeled ILO estimate)",Total,All age ranges or no breakdown by age,Total,Percentage of labor force,Not Applicable,Not Applicable,Not Applicable,Not Applicable,Ratio,Two,World Development Indicators (WDI),Annual,Units,Normal value,Public,24.5,26.3,27.7,30.0,35.6,38.8,36.0,34.5,32.4,32.2,30.52,31.94,36.69,37.161,37.32,36.392,35.231,33.93,32.351,33.135,31.502,31.096,29.017,28.215,26.395,24.312,22.857,21.208,17.414,16.575,15.801,14.476,13.174,12.265,12.256
datastructure,WB.DATA360:DS_DATA360(1.3),I,A,GUM,WB_WDI_SL_UEM_TOTL_ZS,_T,_T,_T,PT_LF,_Z,_Z,_Z,_Z,RATIO,2,WB_WDI,P1Y,0,A,PU,Annual,Guam,"Unemployment, total (% of total labor force) (modeled ILO estimate)",Total,All age ranges or no breakdown by age,Total,Percentage of labor force,Not Applicable,Not Applicable,Not Applicable,Not Applicable,Ratio,Two,World Development Indicators (WDI),Annual,Units,Normal value,Public,3.509,3.837,5.527,7.6,7.9,8.283,9.67,7.74,13.95,15.32,13.213,11.39,9.693,7.7,7.0,7.4,8.3,8.892,9.3,8.2,13.3,12.2,11.5,7.6,6.9,5.4,5.418,5.45,5.405,6.241,6.0,5.383,5.262,5.252,5.569
datastructure,WB.DATA360:DS_DATA360(1.3),I,A,EAS,WB_WDI_SL_UEM_TOTL_ZS,_T,_T,_T,PT_LF,_Z,_Z,_Z,_Z,RATIO,2,WB_WDI,P1Y,0,A,PU,Annual,East Asia & Pacific,"Unemployment, total (% of total labor force) (modeled ILO estimate)",Total,All age ranges or no breakdown by age,Total,Percentage of labor force,Not Applicable,Not Applicable,Not Applicable,Not Applicable,Ratio,Two,World Development Indicators (WDI),Annual,Units,Normal value,Public,2.4596014182316446,2.45298512544046,2.708016411487409,2.976841157361091,3.0522535459845277,3.1671393623214072,3.2563259786427547,3.5477387714760753,3.659459769015064,3.5633303343249114,3.966066055755144,4.265578216083254,4.47961803252938,4.429807376255951,4.474634691560141,4.351012904116003,4.304298529150073,4.381949301017552,4.474207969857443,4.224550765026688,4.130910046220572,4.060530126847297,4.053037430285213,4.025415804160766,4.089876947750248,4.003937814576773,3.8745648034873463,3.754424526971593,3.8244201194959744,4.296583402502732,4.062190924945464,4.100322542582975,3.861870126422106,3.8059410618966782,3.8060295100215265
datastructure,WB.DATA360:DS_DATA360(1.3),I,A,OMN,WB_WDI_SL_UEM_TOTL_ZS,_T,_T,_T,PT_LF,_Z,_Z,_Z,_Z,RATIO,2,WB_WDI,P1Y,0,A,PU,Annual,Oman,"Unemployment, total (% of total labor force) (modeled ILO estimate)",Total,All age ranges or no breakdown by age,Total,Percentage of labor force,Not Applicable,Not Applicable,Not Applicable,Not Applicable,Ratio,Two,World Development Indicators (WDI),Annual,Units,Normal value,Public,4.056,4.16,4.009,4.073,4.167,4.254,4.196,4.346,4.433,4.433,4.298,4.335,4.599,4.693,4.589,4.387,4.309,4.142,3.977,3.911,3.95,3.753,3.553,3.453,3.403,3.266,2.523,1.8,2.045,2.94,1.9,3.3,3.176,3.203,3.251
datastructure,WB.DATA360:DS_DATA360(1.3),I,A,LDC,WB_WDI_SL_UEM_TOTL_ZS,_T,_T,_T,PT_LF,_Z,_Z,_Z,_Z,RATIO,2,WB_WDI,P1Y,0,A,PU,Annual,Least developed countries: UN classification,"Unemployment, total (% of total labor force) (modeled ILO estimate)",Total,All age ranges or no breakdown by age,Total,Percentage of labor force,Not Applicable,Not Applicable,Not Applicable,Not Applicable,Ratio,Two,World Development Indicators (WDI),Annual,Units,Normal value,Public,4.54804656662586,4.607735792147037,4.62748511493303,4.601284593298958,4.4996912688153525,4.468414975433619,4.461792862851311,4.543360184167551,4.640711461548979,4.690588237183141,4.723808351686315,4.814085435774459,4.889374328636167,4.846505691328788,4.786466778203706,4.667647760592192,4.728945696556681,4.787026971236134,4.8829128853627015,4.758115751853777,4.857716795025282,4.846352170737157,4.78988464462384,4.749568344491454,4.827981629311704,4.892973363476093,4.953415900914082,4.8775428888016155,4.8749760767815395,5.600869500909879,5.737117165336039,5.053359186111659,4.701507330816409,4.632804650330723,4.6675401861531105
datastructure,WB.DATA360:DS_DATA360(1.3),I,A,LSO,WB_WDI_SL_UEM_TOTL_ZS,_T,_T,_T,PT_LF,_Z,_Z,_Z,_Z,RATIO,2,WB_WDI,P1Y,0,A,PU,Annual,Lesotho,"Unemployment, total (% of total labor force) (modeled ILO estimate)",Total,All age ranges or no breakdown by age,Total,Percentage of labor force,Not Applicable,Not Applicable,Not Applicable,Not Applicable,Ratio,Two,World Development Indicators (WDI),Annual,Units,Normal value,Public,15.495,15.448,15.568,15.62,15.797,15.709,15.822,15.913,16.167,16.169,16.081,16.079,16.056,16.154,16.031,16.054,15.942,15.851,16.115,16.068,16.115,15.761,15.926,16.066,16.223,16.138,16.379,16.614,16.876,18.385,18.214,16.623,16.348,16.34,16.315
datastructure,WB.DATA360:DS_DATA360(1.3),I,A,MIC,WB_WDI_SL_UEM_TOTL_ZS,_T,_T,_T,PT_LF,_Z,_Z,_Z,_Z,RATIO,2,WB_WDI,P1Y,0,A,PU,Annual,Middle income,"Unemployment, total (% of total labor force) (modeled ILO estimate)",Total,All age ranges or no breakdown by age,Total,Percentage of labor force,Not Applicable,Not Applicable,Not Applicable,Not Applicable,Ratio,Two,World Development Indicators (WDI),Annual,Units,Normal value,Public,4.638272813182843,4.6949277436007435,4.888939728200727,5.1588335106448495,5.419989003465906,5.508837742973944,5.550405482138606,5.733462034567493,5.928154705038862,5.905547691167845,6.0652971781263085,6.279462726957901,6.349376951445089,6.219067400467827,6.181005171940978,5.979723715078441,5.881982171470327,5.872084594374138,6.077947315441781,5.8540784209744885,5.781066585861535,5.8033447800819795,5.776441120783983,5.75311900107613,5.93705456165038,6.014212350384078,6.05518297615024,6.009815011563223,5.860542089567517,6.698496334428435,6.196702612067385,5.429490945644646,4.967567747894408,4.916444751965825,4.884808341366922
datastructure,WB.DATA360:DS_DATA360(1.3),I,A,TJK,WB_WDI_SL_UEM_TOTL_ZS,_T,_T,_T,PT_LF,_Z,_Z,_Z,_Z,RATIO,2,WB_WDI,P1Y,0,A,PU,Annual,Tajikistan,"Unemployment, total (% of total labor force) (modeled ILO estimate)",Total,All age ranges or no breakdown by age,Total,Percentage of labor force,Not Applicable,Not Applicable,Not Applicable,Not Applicable,Ratio,Two,World Development Indicators (WDI),Annual,Units,Normal value,Public,1.823,1.85,2.65,3.15,3.45,4.05,4.15,4.65,4.45,4.15,3.75,3.95,3.85,3.45,3.45,3.65,2.874,4.942,7.028,7.037,7.04,7.022,7.019,7.024,7.033,7.036,7.035,7.028,7.026,7.576,7.687,7.051,7.037,7.041,6.931
datastructure,WB.DATA360:DS_DATA360(1.3),I,A,ZWE,WB_WDI_SL_UEM_TOTL_ZS,_T,_T,_T,PT_LF,_Z,_Z,_Z,_Z,RATIO,2,WB_WDI,P1Y,0,A,PU,Annual,Zimbabwe,"Unemployment, total (% of total labor force) (modeled ILO estimate)",Total,All age ranges or no breakdown by age,Total,Percentage of labor force,Not Applicable,Not Applicable,Not Applicable,Not Applicable,Ratio,Two,World Development Indicators (WDI),Annual,Units,Normal value,Public,4.793,4.933,4.993,4.96,5.566,6.151,6.93,6.381,6.0,5.685,5.313,5.005,4.738,4.39,4.632,4.767,5.008,5.401,5.476,5.469,5.368,5.057,4.948,4.774,5.399,5.896,6.35,6.788,7.373,8.617,9.54,10.087,9.348,9.435,9.293
datastructure,WB.DATA360:DS_DATA360(1.3),I,A,KHM,WB_WDI_SL_UEM_TOTL_ZS,_T,_T,_T,PT_LF,_Z,_Z,_Z,_Z,RATIO,2,WB_WDI,P1Y,0,A,PU,Annual,Cambodia,"Unemployment, total (% of total labor force) (modeled ILO estimate)",Total,All age ranges or no breakdown by age,Total,Percentage of labor force,Not Applicable,Not Applicable,Not Applicable,Not Applicable,Ratio,Two,World Development Indicators (WDI),Annual,Units,Normal value,Public,0.768,0.748,0.733,0.996,0.973,0.963,0.638,0.712,0.727,0.745,0.778,0.862,0.909,1.004,1.061,1.16,1.257,0.825,0.579,0.771,0.577,0.505,0.438,0.692,0.393,0.716,0.141,0.129,0.119,0.172,0.396,0.245,0.256,0.254,0.263
datastructure,WB.DATA360:DS_DATA360(1.3),I,A,LIC,WB_WDI_SL_UEM_TOTL_ZS,_T,_T,_T,PT_LF,_Z,_Z,_Z,_Z,RATIO,2,WB_WDI,P1Y,0,A,PU,Annual,Low income,"Unemployment, total (% of total labor force) (modeled ILO estimate)",Total,All age ranges or no breakdown by age,Total,Percentage of labor force,Not Applicable,Not Applicable,Not Applicable,Not Applicable,Ratio,Two,World Development Indicators (WDI),Annual,Units,Normal value,Public,4.813572048661854,4.885465177738957,4.876147508733971,4.854115823883628,4.749634939068068,4.788735691818072,4.817396301496008,4.9332303954511065,5.051566868726635,5.114431568430133,5.104253981980142,5.0638767878465245,5.00409578843454,4.84831075367826,4.68515443204862,4.67868387277946,4.718465214060533,4.845359669512254,4.7332727789408535,4.886808733523393,4.930093739563145,5.0246473769971285,4.837433648230586,4.825740567310724,4.945209830035295,5.0496113054572325,5.143590434446849,5.087660177961209,5.122971802650821,5.804120402290292,5.8329888490432555,5.260194585581824,5.0747481817835505,4.890228922178135,4.890212650579287
datastructure,WB.DATA360:DS_DATA360(1.3),I,A,GEO,WB_WDI_SL_UEM_TOTL_ZS,_T,_T,_T,PT_LF,_Z,_Z,_Z,_Z,RATIO,2,WB_WDI,P1Y,0,A,PU,Annual,Georgia,"Unemployment, total (% of total labor force) (modeled ILO estimate)",Total,All age ranges or no breakdown by age,Total,Percentage of labor force,Not Applicable,Not Applicable,Not Applicable,Not Applicable,Ratio,Two,World Development Indicators (WDI),Annual,Units,Normal value,Public,2.7,5.4,5.4,8.4,7.6,11.5,11.5,14.53,13.8,10.82,11.16,12.59,11.51,12.62,13.81,13.57,13.28,17.87,20.71,20.203,19.632,19.653,19.416,17.439,16.506,16.604,13.939,12.667,11.565,11.734,11.785,11.621,11.549,11.557,12.097
datastructure,WB.DATA360:DS_DATA360(1.3),I,A,KGZ,WB_WDI_SL_UEM_TOTL_ZS,_T,_T,_T,PT_LF,_Z,_Z,_Z,_Z,RATIO,2,WB_WDI,P1Y,0,A,PU,Annual,Kyrgyz Republic,"Unemployment, total (% of total labor force) (modeled ILO estimate)",Total,All age ranges or no breakdown by age,Total,Percentage of labor force,Not Applicable,Not Applicable,Not Applicable,Not Applicable,Ratio,Two,World Development Indicators (WDI),Annual,Units,Normal value,Public,1.0,1.1,1.258,1.41,1.539,1.647,1.739,1.861,2.001,2.143,2.273,2.416,2.548,2.68,2.816,2.962,3.094,3.207,3.343,3.503,3.644,3.786,3.881,4.02,4.138,4.294,4.425,4.559,5.45,5.945,5.149,4.767,3.498,3.491,3.526
datastructure,WB.DATA360:DS_DATA360(1.3),I,A,NIC,WB_WDI_SL_UEM_TOTL_ZS,_T,_T,_T,PT_LF,_Z,_Z,_Z,_Z,RATIO,2,WB_WDI,P1Y,0,A,PU,Annual,Nicaragua,"Unemployment, total (% of total labor force) (modeled ILO estimate)",Total,All age ranges or no breakdown by age,Total,Percentage of labor force,Not Applicable,Not Applicable,Not Applicable,Not Applicable,Ratio,Two,World Development Indicators (WDI),Annual,Units,Normal value,Public,7.909,7.809,7.833,7.668,7.414,7.12,7.1,7.203,7.18,7.181,7.222,7.517,7.6,6.41,5.37,5.31,4.89,6.2,8.16,7.83,6.613,5.208,5.28,4.52,4.7,3.9,3.3,5.2,5.457,6.18,6.076,4.969,4.698,4.98,5.04
datastructure,WB.DATA360:DS_DATA360(1.3),I,A,BGR,WB_WDI_SL_UEM_TOTL_ZS,_T,_T,_T,PT_LF,_Z,_Z,_Z,_Z,RATIO,2,WB_WDI,P1Y,0,A,PU,Annual,Bulgaria,"Unemployment, total (% of total labor force) (modeled ILO estimate)",Total,All age ranges or no breakdown by age,Total,Percentage of labor force,Not Applicable,Not Applicable,Not Applicable,Not Applicable,Ratio,Two,World Development Indicators (WDI),Annual,Units,Normal value,Public,11.1,15.3,16.4,12.8,11.1,12.5,13.7,12.2,14.1,16.218,19.921,18.11,13.733,12.037,10.083,8.951,6.878,5.609,6.817,10.279,11.26,12.27,12.941,11.424,9.143,7.575,6.164,5.211,4.148,5.037,5.166,4.148,4.319,4.2,3.536
datastructure,WB.DATA360:DS_DATA360(1.3),I,A,PRY,WB_WDI_SL_UEM_TOTL_ZS,_T,_T,_T,PT_LF,_Z,_Z,_Z,_Z,RATIO,2,WB_WDI,P1Y,0,A,PU,Annual,Paraguay,"Unemployment, total (% of total labor force) (modeled ILO estimate)",Total,All age ranges or no breakdown by age,Total,Percentage of labor force,Not Applicable,Not Applicable,Not Applicable,Not Applicable,Ratio,Two,World Development Indicators (WDI),Annual,Units,Normal value,Public,5.1,4.98,5.06,4.41,3.4,8.15,5.36,4.417,5.343,7.61,6.206,9.393,6.814,6.513,4.825,5.277,4.713,4.415,5.46,4.569,4.67,4.085,4.385,5.034,4.556,5.255,6.138,6.217,6.595,7.548,7.311,6.755,5.794,5.686,4.803
datastructure,WB.DATA360:DS_DATA360(1.3),I,A,MLT,WB_WDI_SL_UEM_TOTL_ZS,_T,_T,_T,PT_LF,_Z,_Z,_Z,_Z,RATIO,2,WB_WDI,P1Y,0,A,PU,Annual,Malta,"Unemployment, total (% of total labor force) (modeled ILO estimate)",Total,All age ranges or no breakdown by age,Total,Percentage of labor force,Not Applicable,Not Applicable,Not Applicable,Not Applicable,Ratio,Two,World Development Indicators (WDI),Annual,Units,Normal value,Public,6.335,6.333,6.332,6.331,6.33,6.329,6.328,6.326,6.325,6.324,7.107,6.902,7.488,7.317,6.923,6.798,6.472,5.977,6.896,6.861,6.388,6.203,6.115,5.737,5.389,4.694,4.008,3.956,4.08,4.856,3.754,3.471,3.479,3.1,2.896
datastructure,WB.DATA360:DS_DATA360(1.3),I,A,IND,WB_WDI_SL_UEM_TOTL_ZS,_T,_T,_T,PT_LF,_Z,_Z,_Z,_Z,RATIO,2,WB_WDI,P1Y,0,A,PU,Annual,India,"Unemployment, total (% of total labor force) (modeled ILO estimate)",Total,All age ranges or no breakdown by age,Total,Percentage of labor force,Not Applicable,Not Applicable,Not Applicable,Not Applicable,Ratio,Two,World Development Indicators (WDI),Annual,Units,Normal value,Public,7.641,7.649,7.662,7.593,7.57,7.537,7.574,7.596,7.583,7.589,7.611,7.681,7.633,7.598,7.551,7.553,7.562,7.629,7.636,7.631,7.609,7.645,7.678,7.656,7.629,7.611,7.626,7.652,6.51,7.859,6.38,4.822,4.172,4.173,4.219
datastructure,WB.DATA360:DS_DATA360(1.3),I,A,EAR,WB_WDI_SL_UEM_TOTL_ZS,_T,_T,_T,PT_LF,_Z,_Z,_Z,_Z,RATIO,2,WB_WDI,P1Y,0,A,PU,Annual,Early-demographic dividend,"Unemployment, total (% of total labor force) (modeled ILO estimate)",Total,All age ranges or no breakdown by age,Total,Percentage of labor force,Not Applicable,Not Applicable,Not Applicable,Not Applicable,Ratio,Two,World Development Indicators (WDI),Annual,Units,Normal value,Public,6.277952630887069,6.347837154679617,6.522535875219976,6.758300097092172,7.033934562932229,6.883428684461736,6.761873679573943,6.869428928590971,7.066167661100445,7.072811484541852,7.1563905809364,7.390064122877289,7.2962188745803465,7.189461517007368,7.113328544677782,6.889540963171284,6.823868243071803,6.765727193066192,6.882237256052582,6.698364996713533,6.607362439029505,6.701841467821764,6.677110927429935,6.6141905815487405,6.793244041646107,6.734148032849604,6.71806478492721,6.775261301314793,6.309705493356858,7.364170865499358,6.743595819800526,5.642968140186757,5.113135212491778,5.14374777945389,5.152172078999966
datastructure,WB.DATA360:DS_DATA360(1.3),I,A,JAM,WB_WDI_SL_UEM_TOTL_ZS,_T,_T,_T,PT_LF,_Z,_Z,_Z,_Z,RATIO,2,WB_WDI,P1Y,0,A,PU,Annual,Jamaica,"Unemployment, total (% of total labor force) (modeled ILO estimate)",Total,All age ranges or no breakdown by age,Total,Percentage of labor force,Not Applicable,Not Applicable,Not Applicable,Not Applicable,Ratio,Two,World Development Indicators (WDI),Annual,Units,Normal value,Public,6.233,6.383,6.235,6.335,6.325,6.611,6.693,6.846,6.813,6.752,6.641,6.616,6.534,6.539,6.577,6.605,6.607,6.666,7.314,7.63,8.034,8.695,9.698,9.046,8.825,8.634,7.399,5.47,4.987,6.501,5.188,4.083,3.022,3.151,3.286
datastructure,WB.DATA360:DS_DATA360(1.3),I,A,CYP,WB_WDI_SL_UEM_TOTL_ZS,_T,_T,_T,PT_LF,_Z,_Z,_Z,_Z,RATIO,2,WB_WDI,P1Y,0,A,PU,Annual,Cyprus,"Unemployment, total (% of total labor force) (modeled ILO estimate)",Total,All age ranges or no breakdown by age,Total,Percentage of labor force,Not Applicable,Not Applicable,Not Applicable,Not Applicable,Ratio,Two,World Development Indicators (WDI),Annual,Units,Normal value,Public,3.0,2.09,2.7,2.7,2.6,3.1,3.4,3.3,5.532,4.766,4.043,3.336,4.153,4.77,5.481,4.593,3.946,3.756,5.594,6.359,7.942,12.097,16.131,16.277,15.026,13.006,11.155,8.504,7.155,7.755,7.513,6.806,5.835,4.9,4.924
datastructure,WB.DATA360:DS_DATA360(1.3),I,A,GUY,WB_WDI_SL_UEM_TOTL_ZS,_T,_T,_T,PT_LF,_Z,_Z,_Z,_Z,RATIO,2,WB_WDI,P1Y,0,A,PU,Annual,Guyana,"Unemployment, total (% of total labor force) (modeled ILO estimate)",Total,All age ranges or no breakdown by age,Total,Percentage of labor force,Not Applicable,Not Applicable,Not Applicable,Not Applicable,Ratio,Two,World Development Indicators (WDI),Annual,Units,Normal value,Public,12.092,11.9,11.617,11.534,11.566,11.542,11.565,11.687,11.771,11.917,11.796,11.81,11.529,11.281,11.085,10.7,10.84,11.018,11.307,11.632,11.811,12.029,12.296,12.637,13.009,13.263,13.466,13.627,13.172,15.308,14.576,11.907,11.917,11.874,11.962
datastructure,WB.DATA360:DS_DATA360(1.3),I,A,MDV,WB_WDI_SL_UEM_TOTL_ZS,_T,_T,_T,PT_LF,_Z,_Z,_Z,_Z,RATIO,2,WB_WDI,P1Y,0,A,PU,Annual,Maldives,"Unemployment, total (% of total labor force) (modeled ILO estimate)",Total,All age ranges or no breakdown by age,Total,Percentage of labor force,Not Applicable,Not Applicable,Not Applicable,Not Applicable,Ratio,Two,World Development Indicators (WDI),Annual,Units,Normal value,Public,0.788,0.789,0.796,0.793,0.79,1.019,1.25,1.489,1.726,1.97,3.038,4.094,5.126,6.151,7.313,8.345,9.421,10.361,11.697,10.875,10.043,9.134,8.295,7.461,6.611,5.771,5.377,4.962,4.562,5.42,5.016,4.303,4.019,4.278,4.514
datastructure,WB.DATA360:DS_DATA360(1.3),I,A,CUB,WB_WDI_SL_UEM_TOTL_ZS,_T,_T,_T,PT_LF,_Z,_Z,_Z,_Z,RATIO,2,WB_WDI,P1Y,0,A,PU,Annual,Cuba,"Unemployment, total (% of total labor force) (modeled ILO estimate)",Total,All age ranges or no breakdown by age,Total,Percentage of labor force,Not Applicable,Not Applicable,Not Applicable,Not Applicable,Ratio,Two,World Development Indicators (WDI),Annual,Units,Normal value,Public,8.306,8.779,9.27,8.806,8.27,7.61,7.1,6.23,6.26,5.45,4.08,3.31,2.33,1.854,1.95,1.913,1.788,1.583,1.67,2.5,3.18,3.46,3.29,2.7,2.4,2.0,1.7,1.7,1.705,2.233,2.11,1.829,1.73,1.755,1.746
datastructure,WB.DATA360:DS_DATA360(1.3),I,A,NGA,WB_WDI_SL_UEM_TOTL_ZS,_T,_T,_T,PT_LF,_Z,_Z,_Z,_Z,RATIO,2,WB_WDI,P1Y,0,A,PU,Annual,Nigeria,"Unemployment, total (% of total labor force) (modeled ILO estimate)",Total,All age ranges or no breakdown by age,Total,Percentage of labor force,Not Applicable,Not Applicable,Not Applicable,Not Applicable,Ratio,Two,World Development Indicators (WDI),Annual,Units,Normal value,Public,3.831,3.79,4.023,4.064,4.152,4.043,3.964,3.922,3.986,3.953,3.9,3.669,3.637,3.59,3.727,3.749,3.794,3.792,3.763,3.744,3.77,3.761,3.711,3.9,4.134,4.499,4.83,5.069,5.206,5.714,5.404,3.827,3.074,3.045,3.064
datastructure,WB.DATA360:DS_DATA360(1.3),I,A,BHR,WB_WDI_SL_UEM_TOTL_ZS,_T,_T,_T,PT_LF,_Z,_Z,_Z,_Z,RATIO,2,WB_WDI,P1Y,0,A,PU,Annual,Bahrain,"Unemployment, total (% of total labor force) (modeled ILO estimate)",Total,All age ranges or no breakdown by age,Total,Percentage of labor force,Not Applicable,Not Applicable,Not Applicable,Not Applicable,Ratio,Two,World Development Indicators (WDI),Annual,Units,Normal value,Public,1.047,0.968,0.882,1.007,1.044,1.177,1.125,1.114,1.112,1.081,1.118,1.137,1.126,1.064,1.021,1.021,1.006,1.015,1.07,1.13,1.21,1.2,1.184,1.144,1.164,1.19,1.18,1.188,1.217,1.765,1.548,1.265,1.049,1.084,1.102
datastructure,WB.DATA360:DS_DATA360(1.3),I,A,LTU,WB_WDI_SL_UEM_TOTL_ZS,_T,_T,_T,PT_LF,_Z,_Z,_Z,_Z,RATIO,2,WB_WDI,P1Y,0,A,PU,Annual,Lithuania,"Unemployment, total (% of total labor force) (modeled ILO estimate)",Total,All age ranges or no breakdown by age,Total,Percentage of labor force,Not Applicable,Not Applicable,Not Applicable,Not Applicable,Ratio,Two,World Development Indicators (WDI),Annual,Units,Normal value,Public,1.1,1.2,13.8,13.8,17.54,16.4,14.13,13.711,13.388,15.931,16.84,13.008,12.874,10.684,8.325,5.78,4.25,5.826,13.785,17.814,15.39,13.365,11.77,10.698,9.12,7.862,7.073,6.147,6.255,8.487,7.112,5.955,6.841,6.851,6.731
datastructure,WB.DATA360:DS_DATA360(1.3),I,A,SYR,WB_WDI_SL_UEM_TOTL_ZS,_T,_T,_T,PT_LF,_Z,_Z,_Z,_Z,RATIO,2,WB_WDI,P1Y,0,A,PU,Annual,Syrian Arab Republic,"Unemployment, total (% of total labor force) (modeled ILO estimate)",Total,All age ranges or no breakdown by age,Total,Percentage of labor force,Not Applicable,Not Applicable,Not Applicable,Not Applicable,Ratio,Two,World Development Indicators (WDI),Annual,Units,Normal value,Public,6.75,6.949,7.4,7.5,7.2,7.221,7.31,7.376,7.6,9.587,11.63,10.94,10.28,9.513,8.81,8.17,8.42,10.94,8.14,8.61,8.626,13.8,14.5,14.782,14.244,13.798,13.603,13.505,13.369,15.179,14.887,13.245,13.27,13.359,13.569
datastructure,WB.DATA360:DS_DATA360(1.3),I,A,TLS,WB_WDI_SL_UEM_TOTL_ZS,_T,_T,_T,PT_LF,_Z,_Z,_Z,_Z,RATIO,2,WB_WDI,P1Y,0,A,PU,Annual,Timor-Leste,"Unemployment, total (% of total labor force) (modeled ILO estimate)",Total,All age ranges or no breakdown by age,Total,Percentage of labor force,Not Applicable,Not Applicable,Not Applicable,Not Applicable,Ratio,Two,World Development Indicators (WDI),Annual,Units,Normal value,Public,3.453,3.36,3.273,3.309,3.348,3.372,3.406,3.5,3.633,3.529,3.386,3.371,3.54,3.668,3.611,3.634,3.523,3.434,3.289,3.301,3.385,3.47,3.57,3.618,3.678,4.657,4.254,3.765,3.148,2.808,2.344,1.537,1.525,1.523,1.592
datastructure,WB.DATA360:DS_DATA360(1.3),I,A,COG,WB_WDI_SL_UEM_TOTL_ZS,_T,_T,_T,PT_LF,_Z,_Z,_Z,_Z,RATIO,2,WB_WDI,P1Y,0,A,PU,Annual,"Congo, Rep.","Unemployment, total (% of total labor force) (modeled ILO estimate)",Total,All age ranges or no breakdown by age,Total,Percentage of labor force,Not Applicable,Not Applicable,Not Applicable,Not Applicable,Ratio,Two,World Development Indicators (WDI),Annual,Units,Normal value,Public,19.911,19.916,19.99,20.269,20.226,20.049,19.886,19.898,20.141,19.872,19.88,19.644,19.877,19.896,19.796,19.563,19.909,19.962,19.844,19.3,19.435,19.491,19.845,19.696,20.02,20.298,20.737,20.84,20.494,22.286,21.998,20.131,19.919,19.895,19.876
datastructure,WB.DATA360:DS_DATA360(1.3),I,A,ERI,WB_WDI_SL_UEM_TOTL_ZS,_T,_T,_T,PT_LF,_Z,_Z,_Z,_Z,RATIO,2,WB_WDI,P1Y,0,A,PU,Annual,Eritrea,"Unemployment, total (% of total labor force) (modeled ILO estimate)",Total,All age ranges or no breakdown by age,Total,Percentage of labor force,Not Applicable,Not Applicable,Not Applicable,Not Applicable,Ratio,Two,World Development Indicators (WDI),Annual,Units,Normal value,Public,5.129,5.297,5.387,5.446,5.349,5.31,5.4,5.501,5.604,5.656,5.74,5.794,5.79,5.704,5.721,5.707,5.719,5.683,5.757,5.854,5.801,5.692,5.624,5.637,5.751,5.772,5.804,5.756,5.812,6.375,6.489,6.033,5.909,5.947,5.978
datastructure,WB.DATA360:DS_DATA360(1.3),I,A,GNQ,WB_WDI_SL_UEM_TOTL_ZS,_T,_T,_T,PT_LF,_Z,_Z,_Z,_Z,RATIO,2,WB_WDI,P1Y,0,A,PU,Annual,Equatorial Guinea,"Unemployment, total (% of total labor force) (modeled ILO estimate)",Total,All age ranges or no breakdown by age,Total,Percentage of labor force,Not Applicable,Not Applicable,Not Applicable,Not Applicable,Ratio,Two,World Development Indicators (WDI),Annual,Units,Normal value,Public,6.677,6.878,7.024,7.123,7.16,7.215,7.263,7.332,7.417,7.444,7.551,7.646,7.701,7.658,7.667,7.612,7.592,7.571,7.702,7.847,7.837,7.761,7.675,7.669,7.778,7.798,7.843,7.818,7.917,8.625,8.821,8.334,8.218,8.293,8.337
datastructure,WB.DATA360:DS_DATA360(1.3),I,A,GIN,WB_WDI_SL_UEM_TOTL_ZS,_T,_T,_T,PT_LF,_Z,_Z,_Z,_Z,RATIO,2,WB_WDI,P1Y,0,A,PU,Annual,Guinea,"Unemployment, total (% of total labor force) (modeled ILO estimate)",Total,All age ranges or no breakdown by age,Total,Percentage of labor force,Not Applicable,Not Applicable,Not Applicable,Not Applicable,Ratio,Two,World Development Indicators (WDI),Annual,Units,Normal value,Public,4.56,4.58,4.561,4.527,4.494,4.509,4.477,4.501,4.517,4.586,4.584,4.549,4.628,4.709,4.814,4.863,4.787,4.803,4.914,5.018,5.024,4.874,4.944,5.044,5.15,4.997,4.86,4.835,5.018,6.007,5.815,5.174,5.141,5.132,5.163
datastructure,WB.DATA360:DS_DATA360(1.3),I,A,SEN,WB_WDI_SL_UEM_TOTL_ZS,_T,_T,_T,PT_LF,_Z,_Z,_Z,_Z,RATIO,2,WB_WDI,P1Y,0,A,PU,Annual,Senegal,"Unemployment, total (% of total labor force) (modeled ILO estimate)",Total,All age ranges or no breakdown by age,Total,Percentage of labor force,Not Applicable,Not Applicable,Not Applicable,Not Applicable,Ratio,Two,World Development Indicators (WDI),Annual,Units,Normal value,Public,2.861,2.928,2.878,2.947,2.846,2.831,2.759,2.751,2.655,2.638,2.674,2.82,2.781,2.775,2.679,2.755,2.8,2.816,2.807,2.795,2.853,3.896,5.012,5.849,6.757,4.455,4.078,3.453,2.863,3.432,3.436,2.837,2.784,2.788,2.735
datastructure,WB.DATA360:DS_DATA360(1.3),I,A,MAR,WB_WDI_SL_UEM_TOTL_ZS,_T,_T,_T,PT_LF,_Z,_Z,_Z,_Z,RATIO,2,WB_WDI,P1Y,0,A,PU,Annual,Morocco,"Unemployment, total (% of total labor force) (modeled ILO estimate)",Total,All age ranges or no breakdown by age,Total,Percentage of labor force,Not Applicable,Not Applicable,Not Applicable,Not Applicable,Ratio,Two,World Development Indicators (WDI),Annual,Units,Normal value,Public,13.502,13.781,14.026,13.858,14.054,13.362,14.025,13.359,13.94,13.58,12.46,11.59,11.92,10.83,11.01,9.67,9.56,9.57,8.96,9.09,8.91,8.99,9.23,9.7,9.46,9.3,9.22,9.272,9.191,11.189,10.551,9.413,8.896,9.103,9.0
datastructure,WB.DATA360:DS_DATA360(1.3),I,A,ARG,WB_WDI_SL_UEM_TOTL_ZS,_T,_T,_T,PT_LF,_Z,_Z,_Z,_Z,RATIO,2,WB_WDI,P1Y,0,A,PU,Annual,Argentina,"Unemployment, total (% of total labor force) (modeled ILO estimate)",Total,All age ranges or no breakdown by age,Total,Percentage of labor force,Not Applicable,Not Applicable,Not Applicable,Not Applicable,Ratio,Two,World Development Indicators (WDI),Annual,Units,Normal value,Public,5.44,6.36,10.1,11.76,18.8,17.11,14.82,12.65,14.05,15.0,17.32,19.59,15.36,13.522,11.506,10.078,8.47,7.837,8.645,7.714,7.18,7.217,7.1,7.268,7.577,8.088,8.347,9.22,9.843,11.461,8.736,6.805,6.139,7.15,7.145
datastructure,WB.DATA360:DS_DATA360(1.3),I,A,SAS,WB_WDI_SL_UEM_TOTL_ZS,_T,_T,_T,PT_LF,_Z,_Z,_Z,_Z,RATIO,2,WB_WDI,P1Y,0,A,PU,Annual,South Asia,"Unemployment, total (% of total labor force) (modeled ILO estimate)",Total,All age ranges or no breakdown by age,Total,Percentage of labor force,Not Applicable,Not Applicable,Not Applicable,Not Applicable,Ratio,Two,World Development Indicators (WDI),Annual,Units,Normal value,Public,7.243155459513447,7.23871666924301,7.249800616191642,7.180079063798255,7.150136749041877,7.1127959472980775,7.151536321803341,7.168747081805484,7.17195172652658,7.176474753893052,7.232458982359738,7.34580672778149,7.3333034475680625,7.306321282843724,7.24801932806737,7.1608935578734245,7.201997763848101,7.2950408204158625,7.362807854803901,7.163288618197967,7.174580977145823,7.237203597219051,7.313726200283633,7.294198547522893,7.273492612287674,7.250803186861751,7.249695696741107,7.281403995919009,6.306449373477665,7.625611752045777,6.330489383904877,4.86631704704624,4.162200901876479,4.192146689782114,4.243204424460267
datastructure,WB.DATA360:DS_DATA360(1.3),I,A,BOL,WB_WDI_SL_UEM_TOTL_ZS,_T,_T,_T,PT_LF,_Z,_Z,_Z,_Z,RATIO,2,WB_WDI,P1Y,0,A,PU,Annual,Bolivia,"Unemployment, total (% of total labor force) (modeled ILO estimate)",Total,All age ranges or no breakdown by age,Total,Percentage of labor force,Not Applicable,Not Applicable,Not Applicable,Not Applicable,Ratio,Two,World Development Indicators (WDI),Annual,Units,Normal value,Public,2.935,3.03,3.05,3.08,2.664,2.375,2.08,2.121,2.299,2.439,2.623,2.603,2.654,2.615,2.598,2.575,2.614,2.603,2.973,2.609,2.255,2.066,2.437,2.021,3.111,3.498,3.655,3.519,3.682,7.903,5.089,3.552,3.024,3.274,2.967
datastructure,WB.DATA360:DS_DATA360(1.3),I,A,CAF,WB_WDI_SL_UEM_TOTL_ZS,_T,_T,_T,PT_LF,_Z,_Z,_Z,_Z,RATIO,2,WB_WDI,P1Y,0,A,PU,Annual,Central African Republic,"Unemployment, total (% of total labor force) (modeled ILO estimate)",Total,All age ranges or no breakdown by age,Total,Percentage of labor force,Not Applicable,Not Applicable,Not Applicable,Not Applicable,Ratio,Two,World Development Indicators (WDI),Annual,Units,Normal value,Public,5.697,5.825,5.897,5.924,5.871,5.84,5.797,5.773,5.767,5.722,5.77,5.809,5.809,5.729,5.691,5.61,5.562,5.51,5.575,5.658,5.638,5.58,5.566,5.633,5.775,5.793,5.836,5.825,5.916,6.519,6.701,6.287,6.181,6.253,6.251
datastructure,WB.DATA360:DS_DATA360(1.3),I,A,EUU,WB_WDI_SL_UEM_TOTL_ZS,_T,_T,_T,PT_LF,_Z,_Z,_Z,_Z,RATIO,2,WB_WDI,P1Y,0,A,PU,Annual,European Union,"Unemployment, total (% of total labor force) (modeled ILO estimate)",Total,All age ranges or no breakdown by age,Total,Percentage of labor force,Not Applicable,Not Applicable,Not Applicable,Not Applicable,Ratio,Two,World Development Indicators (WDI),Annual,Units,Normal value,Public,8.586193581961682,9.231049577390595,10.85194355967338,11.54791157187615,11.10923624550898,11.143823236261447,10.946538371255901,10.527637631146476,10.21407159759863,9.699206764606497,9.206624189828464,9.565635815647202,9.707827021519414,9.860575178616662,9.631005867203017,8.68896256105534,7.503105382041097,7.24163431745465,9.21120412957521,9.87327234610775,9.928882945649361,10.875848208806099,11.351173036859596,10.825588501147266,10.016535330199558,9.105694462742099,8.132089451217519,7.242472650958527,6.677050527474521,7.054713567048023,7.02659354012655,6.16137258045926,6.02643653344515,5.923008037628148,5.926045382078094
datastructure,WB.DATA360:DS_DATA360(1.3),I,A,SSA,WB_WDI_SL_UEM_TOTL_ZS,_T,_T,_T,PT_LF,_Z,_Z,_Z,_Z,RATIO,2,WB_WDI,P1Y,0,A,PU,Annual,Sub-Saharan Africa (excluding high income),"Unemployment, total (% of total labor force) (modeled ILO estimate)",Total,All age ranges or no breakdown by age,Total,Percentage of labor force,Not Applicable,Not Applicable,Not Applicable,Not Applicable,Ratio,Two,World Development Indicators (WDI),Annual,Units,Normal value,Public,6.439173351866111,6.534389144736031,6.579935346045311,6.509493295878138,6.36418816479738,6.280080107949665,6.2407113144456545,6.2661946324202535,6.370811205577602,6.352947460562619,6.2591126180264425,6.155450433615037,6.090024003068922,5.9443308754882205,5.846141991656352,5.755382884328536,5.714580506487464,5.711192791797891,5.765709806981306,5.940564214989788,5.915937558839968,5.802996158321805,5.574899849283666,5.629776647523979,5.787238564547594,5.865893347162837,5.9939114346210145,6.032337717768173,6.180895512937823,6.65249326111529,6.847509290893769,6.0821161082071145,5.761529007516653,5.671135836566302,5.661186657053164
datastructure,WB.DATA360:DS_DATA360(1.3),I,A,ARE,WB_WDI_SL_UEM_TOTL_ZS,_T,_T,_T,PT_LF,_Z,_Z,_Z,_Z,RATIO,2,WB_WDI,P1Y,0,A,PU,Annual,United Arab Emirates,"Unemployment, total (% of total labor force) (modeled ILO estimate)",Total,All age ranges or no breakdown by age,Total,Percentage of labor force,Not Applicable,Not Applicable,Not Applicable,Not Applicable,Ratio,Two,World Development Indicators (WDI),Annual,Units,Normal value,Public,1.629,1.715,1.901,1.834,1.8,1.836,1.906,2.068,2.195,2.25,2.443,2.659,2.903,2.965,3.12,2.964,2.934,2.818,2.932,2.798,2.587,2.323,2.125,1.999,1.793,1.64,2.462,2.236,2.331,4.294,3.105,2.872,2.151,2.16,2.174
datastructure,WB.DATA360:DS_DATA360(1.3),I,A,CHL,WB_WDI_SL_UEM_TOTL_ZS,_T,_T,_T,PT_LF,_Z,_Z,_Z,_Z,RATIO,2,WB_WDI,P1Y,0,A,PU,Annual,Chile,"Unemployment, total (% of total labor force) (modeled ILO estimate)",Total,All age ranges or no breakdown by age,Total,Percentage of labor force,Not Applicable,Not Applicable,Not Applicable,Not Applicable,Ratio,Two,World Development Indicators (WDI),Annual,Units,Normal value,Public,5.23,4.35,4.49,5.87,4.7,7.414,7.136,7.307,11.158,10.491,10.39,10.168,9.765,10.162,9.34,9.024,8.427,9.285,11.313,8.547,7.492,6.79,6.361,6.761,6.605,6.926,7.257,7.623,7.493,10.934,9.281,8.249,9.013,8.718,8.974
datastructure,WB.DATA360:DS_DATA360(1.3),I,A,PAN,WB_WDI_SL_UEM_TOTL_ZS,_T,_T,_T,PT_LF,_Z,_Z,_Z,_Z,RATIO,2,WB_WDI,P1Y,0,A,PU,Annual,Panama,"Unemployment, total (% of total labor force) (modeled ILO estimate)",Total,All age ranges or no breakdown by age,Total,Percentage of labor force,Not Applicable,Not Applicable,Not Applicable,Not Applicable,Ratio,Two,World Development Indicators (WDI),Annual,Units,Normal value,Public,6.443,6.317,6.374,6.428,6.512,6.728,6.588,6.397,6.168,6.188,6.293,6.302,6.303,6.097,5.967,5.792,5.665,5.639,5.857,5.845,4.03,3.691,3.674,4.391,4.335,4.717,5.338,5.161,6.256,14.663,10.177,8.086,6.544,8.451,8.36
